site_id,College Degree (%),Ever Married (%),Median Age,Median Income (10k NTD),vote10,vote11,vote12,vote13,vote14,vote15,vote16,vote7,vote8,vote9,Valid Voters
"Alian, Kaohsiung",0.1892,0.653,41,53.7,0.7526691758199554,0.694212944933406,0.6092204656958181,0.5082733261835453,0.31437221159974504,0.3484630163304515,0.5734498543487307,0.782890365448505,0.7439993309358535,0.7597863283532259,12040
"Daliao, Kaohsiung",0.1899,0.6452,41,55.5,0.7562742372137264,0.7072022827919732,0.6443520059160658,0.5022984244670992,0.31724677505533927,0.3181495617484033,0.5865200102870483,0.7941101051344261,0.7580670799554919,0.773011617515639,50697
"Dashe, Kaohsiung",0.2114,0.6505,41.6988,57.6,0.7350478468899522,0.661641541038526,0.6055204483128651,0.523792443806791,0.3401002661385158,0.35719607599652303,0.5758272645969081,0.7506930565405197,0.7332390563733368,0.7503194479938666,15511
"Dashu, Kaohsiung",0.1836,0.6456,43,55,0.769303671189146,0.7087864399857048,0.625,0.5332287017509442,0.3045419153906047,0.3216651885857374,0.5991690356439974,0.7923976608187134,0.753968253968254,0.7636641888937473,18468
"Gangshan, Kaohsiung",0.2472,0.6517,40.063,59.9,0.7574167093798052,0.709036044973545,0.6475538321920634,0.4609628080534711,0.3063275173428632,0.3107075581518403,0.6184428733525356,0.8024806470498949,0.7708613061565891,0.786009580681147,46117
"Gushan, Kaohsiung",0.3296,0.6528,41,68,0.7164834839721306,0.691064298909481,0.6371203097081596,0.4652948312080239,0.3379523416230767,0.34171769748928355,0.6040390900149126,0.7853653120142128,0.7625588258754088,0.7753545901717633,63042
"Hunei, Kaohsiung",0.2056,0.6608,41.7973,55.5,0.7582769668921324,0.694937256598875,0.6249909974792942,0.5210316896404718,0.3153252480705623,0.3191932723078068,0.5850702485718697,0.7836601813812882,0.7428149759204599,0.7388936435073523,12901
"Jiading, Kaohsiung",0.17,0.6351,42.9426,49.9,0.7588915557495091,0.7079182348166188,0.6322912835601324,0.5294374817837365,0.31063539057162376,0.34543504901960786,0.5594603328486023,0.7561389337641357,0.7262011218600114,0.7438036809815951,12380
"Jiasian, Kaohsiung",0.0966,0.6867,47,49.4,0.7916334661354582,0.7027463651050081,0.6202380952380953,0.44906856916369403,0.27909836065573773,0.2931893687707641,0.587273530711445,0.810012836970475,0.7761842677096914,0.7733041575492341,2337
"Linyuan, Kaohsiung",0.1722,0.6426,40,58.7,0.7527155359692136,0.6892270469884121,0.6177171527124491,0.5251074699395676,0.3151225189112304,0.33103403396889436,0.6066707341875127,0.7891913773909524,0.7468393890062692,0.7661892478957372,29643
"Lingya, Kaohsiung",0.3271,0.6432,44,62.5,0.723890200642324,0.685654984151335,0.6394850270949057,0.48759038718891623,0.332695672460049,0.34727094149010806,0.5845089969949675,0.768969602227623,0.7377207454934311,0.7610635696821516,81881
"Liouguei, Kaohsiung",0.0927,0.6791,48,51.1,0.7938961553705906,0.7071414282856572,0.6086172344689379,0.45677062771417293,0.28916155419222905,0.29997932602853006,0.597444089456869,0.7744912943150829,0.7688841201716738,0.7403642524354087,4767
"Lujhu, Kaohsiung",0.2323,0.667,40.55,57.6,0.7546671996801919,0.6896649286609272,0.6168197822655712,0.49659726976201024,0.31785375510372416,0.32977481234361966,0.5842229367631296,0.7804556660715803,0.7546837401168787,0.7630333792154164,23526
"Maolin, Kaohsiung",0.1057,0.5882,36,60,0.8199052132701422,0.7553488372093023,0.6508820798514392,0.31348837209302327,0.2177570093457944,0.23251417769376181,0.6440849342770475,0.8297435897435897,0.8107549120992761,0.780638516992791,975
"Meinong, Kaohsiung",0.1569,0.7179,50,58.3,0.8003713006443158,0.7379171782565018,0.6375399185111772,0.4296786694655256,0.2658369146620528,0.2768278965129359,0.596747120449152,0.7945487860742098,0.7777195434428139,0.7773756712584637,17464
"Mituo, Kaohsiung",0.157,0.6681,42,51.5,0.7789249924081385,0.7138246929002706,0.6480327031170159,0.49373459326212,0.34452975047984646,0.31004179616332656,0.5883072135156163,0.7814724199288257,0.7453083109919572,0.7121717846016912,8992
"Namasia, Kaohsiung",0.1287,0.6455,33.6346,60.5,0.8476190476190476,0.7855002995805872,0.6831559173450219,0.34688156972669937,0.1917900403768506,0.1929107021131561,0.625,0.7939983779399837,0.773102310231023,0.7516393442622951,1233
"Nanzih, Kaohsiung",0.2878,0.6492,38.9678,65.1,0.7330808052423933,0.6937214948605659,0.6370030093014772,0.46443121633244305,0.3261970853573907,0.3317395290540462,0.6033547525661354,0.7913348276026515,0.7638219279940515,0.7782387867515559,83876
"Neimen, Kaohsiung",0.0943,0.707,48,50.1,0.8045173870653234,0.7183860915204199,0.6374528147053996,0.5122112211221123,0.2786007495984294,0.299469964664311,0.591494124230554,0.7722571111932028,0.7557922272047832,0.7463132350196006,5414
"Niaosong, Kaohsiung",0.3158,0.6603,43.6907,68.8,0.7288492080525389,0.6837910421900719,0.6265515146254665,0.512198275862069,0.34698285361660863,0.3494986245452125,0.5756691441338744,0.7726610848198034,0.7402241024468328,0.7588348096064287,21976
"Cijin, Kaohsiung",0.1516,0.6362,42,52.5,0.72910927456382,0.700474080982358,0.6434096413782326,0.5771638754108624,0.3275058275058275,0.3526808084182395,0.5710291332190854,0.7548468925529987,0.7314390467461045,0.7364607860894765,11038
"Cishan, Kaohsiung",0.1643,0.667,46.5377,54.1,0.7733786039017092,0.6971181892427954,0.6139695146878468,0.5154721274175199,0.3116357707867882,0.34322831299702544,0.6012457178449081,0.7906269397889509,0.7540870221327968,0.759979977474659,16110
"Cianjin, Kaohsiung",0.3525,0.6464,48,63.8,0.722172008621289,0.6810913171552813,0.6312384473197782,0.5063422749012269,0.33530472412549583,0.3468157722750708,0.5782312925170068,0.7590699083541619,0.7371376536651996,0.7414497578692494,13203
"Cianjhen, Kaohsiung",0.2602,0.641,42.3948,61.4,0.7357467326753938,0.690653100628044,0.6388433964924458,0.4953931700378245,0.32543151509745327,0.3400157232704403,0.5933897537700693,0.7783795772099593,0.7485117296877574,0.7638234434375913,85669
"Ciaotou, Kaohsiung",0.2513,0.6595,42,61.2,0.7512955974842768,0.6985260366195747,0.6457810338644397,0.5506743156199678,0.3219439728353141,0.33863709418193505,0.5751590594744121,0.7738963531669866,0.744383896797153,0.7594725421465531,18235
"Renwu, Kaohsiung",0.243,0.6553,39.2143,61.4,0.7503885827327964,0.6980873347991583,0.6355160091819106,0.5006392348122544,0.3185508300012117,0.3174772848743987,0.6056582858870359,0.7957629674306393,0.7628594572701498,0.7781812679679225,39792
"Shanlin, Kaohsiung",0.0889,0.6998,49,50.6,0.8042969580940226,0.7160334835801674,0.6183873720136519,0.47971560016729403,0.25843188786684185,0.33148788927335643,0.5911446066886481,0.770901447921532,0.7536163149158169,0.730887573964497,4282
"Taoyuan, Kaohsiung",0.1254,0.6319,36,58.4,0.833890214797136,0.7469935245143385,0.6694405917706888,0.2983124659771366,0.2230378317334839,0.2098092643051771,0.6183574879227053,0.8144768856447688,0.7867647058823529,0.7582619339045288,1644
"Tianliao, Kaohsiung",0.0973,0.7386,52.6228,49.9,0.8062418725617685,0.703150912106136,0.6179369250985546,0.5776241357636707,0.31030927835051547,0.3115665161514415,0.6055177355786456,0.7733576642335767,0.7254974207811349,0.7411074440777411,2740
"Siaogang, Kaohsiung",0.2329,0.6499,39.3147,61.9,0.7398523264445053,0.6921473703649963,0.6239917895817161,0.4958343720069799,0.32892836413212206,0.34173848137341384,0.5937768029133449,0.7850380780073211,0.753049985879695,0.7779280612029249,71301
"Sinsing, Kaohsiung",0.3596,0.6459,46,63.7,0.7145393349853904,0.6687979539641944,0.6297099282296651,0.5139074817789677,0.348235657478187,0.36505237119777373,0.5680655475619505,0.7646014843497903,0.7258464414908751,0.7393540093202635,24792
"Yancheng, Kaohsiung",0.2732,0.636,48,56.6,0.7121079793568876,0.667337411461687,0.641175528507367,0.5514319340918007,0.38166735794276235,0.387973086627418,0.5671498428222145,0.7510236781199929,0.717566118656183,0.7384464984002844,11234
"Yanchao, Kaohsiung",0.1789,0.6613,43,54.6,0.7561674470612901,0.6999294283697953,0.6280449057403092,0.5017041107324198,0.30550749711649366,0.3197847742310769,0.606328349191965,0.7932094138809773,0.7526889865171944,0.7617963890153239,13342
"Yong-an, Kaohsiung",0.1972,0.6811,41.0721,54.9,0.7643180881747013,0.6970033296337403,0.6061946902654868,0.4883848045914184,0.2989399293286219,0.3296906045983537,0.6024963289280469,0.7725290697674418,0.7306784660766962,0.7567647058823529,6880
"Zihguan, Kaohsiung",0.1905,0.6468,42,53.6,0.7717277486910995,0.724354657687991,0.654716032836321,0.5205271160669032,0.31254761765223,0.31063930731823036,0.589507507878638,0.7866831072749692,0.7430080795525171,0.7567886658795749,16220
"Zuoying, Kaohsiung",0.3086,0.6476,41,70.9,0.7260357727621298,0.6967287336462703,0.6554070929070929,0.42737017379540015,0.31743164114390165,0.3246491497915584,0.6185581743030516,0.8026700864818651,0.774121522289403,0.7843361944533204,91233
"Fongbin, Hualien",0.0638,0.6721,48.1364,48.7,0.7734643734643735,0.7096615988229524,0.621515892420538,0.39327146171693733,0.27986151182919794,0.30110017371163866,0.588603631809643,0.7620221948212084,0.7441269841269841,0.7123028391167192,1622
"Fonglin, Hualien",0.1439,0.6874,49,53.9,0.8,0.722467845659164,0.6208215867901732,0.36134453781512604,0.2545081967213115,0.2722609766105868,0.6137246439361242,0.813358302122347,0.8019927920288319,0.7988602785985648,4806
"Fuli, Hualien",0.0906,0.6793,48,49.5,0.7964884277733439,0.6944444444444444,0.5621364357482813,0.39026942191995817,0.24523233951114692,0.2774349342634827,0.6033946251768034,0.798079561042524,0.7719200887902331,0.7507700924110894,3645
"Guangfu, Hualien",0.119,0.6645,48.2247,51.6,0.8089285714285714,0.7351052443810203,0.6291296625222025,0.35913254813983925,0.2390636991557943,0.25786042944785276,0.6126874746655857,0.7911171450737006,0.7726377952755905,0.7623645320197044,5156
"Hualien, Hualien",0.262,0.6446,40.4204,60.3,0.7628059095522725,0.7035354803368863,0.6288234489674979,0.3521014706885186,0.28071709663314387,0.2993496381789869,0.6212898323597853,0.8180190236982255,0.7974916309114055,0.8056616595974035,42999
"Ji-an, Hualien",0.2252,0.644,42,58.7,0.7807696500599586,0.7115935640290941,0.6166703080620494,0.34393167102906735,0.26051865205935376,0.2822854305183877,0.618816292506252,0.8155071248952221,0.79837545637223,0.8045625654524355,35790
"Rueisuei, Hualien",0.1231,0.6604,47,52,0.8155041930865208,0.7318331957060281,0.6197417742607247,0.3621311823392061,0.22560841920631441,0.24749236807675534,0.6136783733826248,0.7989394608926205,0.7731679819616686,0.7731282515268039,4526
"Shoufong, Hualien",0.1497,0.67490000000000006,46,52.4,0.7831991347193847,0.7070843019699009,0.6060128500424294,0.3953545836422041,0.26858066119811086,0.2929580957103893,0.5786677034733022,0.7841222138742799,0.7603927569497577,0.7564720812182741,7986
"Wanrong, Hualien",0.0957,0.6057,36,51.9,0.8089887640449438,0.7197278911564626,0.6288520149001016,0.37257824143070045,0.24878776575904513,0.25169555388093445,0.5866993064055488,0.749699639567481,0.7298501417577967,0.7042707493956487,2497
"Sincheng, Hualien",0.1692,0.6457,40.0094,60.9,0.776735247569523,0.7152257771726799,0.6011402508551882,0.3644328137444533,0.27071503071039515,0.2853681052388645,0.6169267707082833,0.8155305692199578,0.7876210725253957,0.7761387774368657,8538
"Sioulin, Hualien",0.0995,0.6103,34.86,52.7,0.7852512155591572,0.699565986175856,0.5994852822904938,0.3950596538396908,0.26682211858760824,0.2813953488372093,0.6270379190327899,0.7992396813902969,0.7734545454545455,0.7447973713033954,5524
"Yuli, Hualien",0.1418,0.6319,46,55.7,0.8100010662117496,0.7337467921300257,0.6364905498281787,0.3639336867035074,0.2616232349902422,0.27345173041894355,0.60850192678227355,0.7966101694915254,0.7728512151748667,0.7657082002129926,8614
"Jhuosi, Hualien",0.102,0.6199,36.6351,53.8,0.8211968276856525,0.7525436046511628,0.6186561829878484,0.3121797398502168,0.21540265832681782,0.22613065326633167,0.5981794538361509,0.7857737104825291,0.7662173546756529,0.7693293464331482,2404
"Anle, Keelung",0.2366,0.6408,42,61.9,0.711141060197664,0.6640773396081989,0.5974118316268487,0.41881115321531587,0.3531657833247849,0.35239567233384855,0.6038216187745069,0.798121929238015,0.7846827133479213,0.7901454005070078,34397
"Nuannuan, Keelung",0.2188,0.638,42,59.8,0.7167539267015707,0.6627886684893258,0.6066748927669076,0.42488815634565574,0.3485428319105093,0.34899209133614795,0.5999135215269628,0.8030674846625767,0.7826863832409119,0.7832750904297713,16300
"Cidu, Keelung",0.2115,0.6426,42,57.1,0.7259437141894169,0.6715337734890807,0.6139676369935358,0.45073008282811033,0.3377649242456943,0.34669607334371216,0.5897619153973288,0.7852544316077256,0.765256757356531,0.7639496355202121,22678
"Ren-ai, Keelung",0.2175,0.6586,44,57.4,0.7255254937258432,0.6742728587497991,0.6068881081656553,0.46638722343078476,0.33702262889704676,0.35142715723477974,0.579639029892837,0.7814392886913032,0.7626137768288572,0.7682797794731859,17995
"Sinyi, Keelung",0.2502,0.6346,43.5365,60.1,0.7154774507728139,0.6682345961522163,0.6095794093833894,0.399452804377565,0.3314793256586039,0.3403546712802768,0.6082437275985663,0.8124448367166813,0.8056527590847914,0.798270126413839,22660
"Jhongshan, Keelung",0.1911,0.6335,44.0334,57.5,0.7247623574144487,0.6690431155730152,0.6031215161649944,0.44571596244131456,0.33502109704641353,0.34148144497560495,0.589185033316248,0.780774690732103,0.7663551401869159,0.7721988120018277,19724
"Jhongjheng, Keelung",0.2026,0.6409,44.3246,56.9,0.7432627526467758,0.676747116409809,0.5988239296301696,0.43097105237680317,0.32275211127670145,0.3463102559016068,0.5868469765528589,0.788982495081471,0.7816497799611094,0.7744345616264294,19823
"East, Chiayi City",0.2997,0.6366,41,64,0.7165728002954482,0.672143029717323,0.6228511764925234,0.4799903118828483,0.3380675868633984,0.3546349797477588,0.5822432507653771,0.7786659261756947,0.7433299358474729,0.7540779159078311,50417
"West, Chiayi City",0.2482,0.6392,39.8896,60.2,0.7322931195683828,0.6792493562165579,0.6241698841698842,0.502835655282949,0.31729854815190517,0.3323983391968559,0.5853103402445508,0.7827983484283431,0.7469741411280807,0.778218151540383,60064
"Alishan, Chiayi",0.1094,0.6877,41.256100000000004,56.7,0.8264733395696913,0.7174738841405508,0.6046401515151515,0.3206913106096976,0.2105009633911368,0.2107843137254902,0.5842754367934224,0.8134422110552764,0.8066037735849056,0.7938144329896907,1592
"Budai, Chiayi",0.1424,0.7004,46.3266,55.7,0.7852648855657883,0.7142075506109794,0.6322792308393329,0.5035733428622476,0.2726153263237662,0.2918701522550991,0.6164397177218964,0.7929358071237226,0.7478481012658228,0.7638613861386139,10079
"Dapu, Chiayi",0.1327,0.7063,43,53.3,0.7598274209012464,0.7038647342995169,0.6089438629876308,0.46403049070986185,0.2962245885769603,0.3121614967996061,0.5962128966223132,0.7986646122239343,0.768595041322314,0.7713992824192721,1947
"Dalin, Chiayi",0.1899,0.6781,45.7189,58,0.7723194257514581,0.69137302551640345,0.6040544584081389,0.5032742967703527,0.3026325947656913,0.32780602268283143,0.5748063266623629,0.7906285163157049,0.7503088198962365,0.7656564032478496,12442
"Dongshih, Chiayi",0.1056,0.7195,46.1766,51.5,0.8088578088578089,0.7247177798682972,0.6463197819130022,0.5319148936170213,0.25653326600176746,0.27631245244737507,0.6016949152542372,0.7844344138968677,0.7427191166321601,0.7441958041958042,7311
"Fanlu, Chiayi",0.145,0.7034,46.6806,53.9,0.7948384701076866,0.7205854400304125,0.6162812558751645,0.4564688260625351,0.2579912994136561,0.27541235136171843,0.569458325004997,0.8085821633379474,0.7791583166332665,0.7783719548425431,5057
"Lioujiao, Chiayi",0.1309,0.7085,50,54.8,0.7956419316843345,0.7098214285714286,0.6215153681200858,0.5597729691379922,0.2970859089188848,0.32713375796178346,0.5888539816964895,0.7946118965057348,0.7464539007092199,0.7584580132093274,7498
"Lucao, Chiayi",0.1383,0.7153,50,54.2,0.7607913669064749,0.6871404399323181,0.6113946978429112,0.5580242966751918,0.31641431520991053,0.34882908074099966,0.5900755124056095,0.7828022075841197,0.7523407380209289,0.7529284555775816,5617
"Meishan, Chiayi",0.1533,0.7027,47,56.1,0.7761261261261261,0.6967676311030742,0.6280590955227248,0.4978216005503325,0.28978204827747833,0.30729411764705883,0.5822521419828641,0.7868147617341454,0.7534196384953591,0.7671681630672167,8373
"Minsyong, Chiayi",0.2044,0.6513,41.5077,57.7,0.7584922479386202,0.689161751909504,0.6166261825620046,0.5154311065389314,0.31641692738350075,0.3352626151747996,0.5764612243485483,0.7736104071633721,0.7385132354958167,0.7556513474984726,29595
"Puzih, Chiayi",0.2045,0.6636,42,61.3,0.7654137911367136,0.6937704153056463,0.6191950464396285,0.5144508670520231,0.29817033196257225,0.3238436287675321,0.5834160258000496,0.7868336623889437,0.7579525372380712,0.7693018101219061,16208
"Shueishang, Chiayi",0.1706,0.6579,44,55,0.7768550763461023,0.6886817936250675,0.6173471679468175,0.5078030132673712,0.3035772585233898,0.31480699779560056,0.5918297789463434,0.7745060425858431,0.7382358636715725,0.7501574536117436,20852
"Taibao, Chiayi",0.1898,0.6622,39.7135,62.9,0.7560404339250493,0.6871671002105785,0.6089939958338438,0.4974431643151993,0.3105060858424087,0.3343802076656839,0.5897608169846815,0.7853902601734489,0.7407757805108799,0.7605370382739964,14990
"Sikou, Chiayi",0.1366,0.6932,47.9677,53.4,0.7736024844720497,0.7253443090074403,0.6335866025740425,0.5743431221020092,0.3264518294729775,0.34340006786562605,0.5695317959468903,0.7732173913043479,0.739247311827957,0.7433751743375174,5750
"Singang, Chiayi",0.1594,0.6817,44.6019,58.5,0.771955981540646,0.6907706945765937,0.6172421249909897,0.5756252201479394,0.31530920060331824,0.33495784017946933,0.581902403961345,0.7720766523269457,0.7361211247296323,0.7547907704341025,12785
"Yijhu, Chiayi",0.1415,0.7216,50,54.7,0.7696262854276398,0.7020072053525476,0.6295023545882652,0.5415490364551369,0.2972255409531395,0.328653563310603,0.6068269762299613,0.7922113289760349,0.7514874775148748,0.7617554858934169,7344
"Jhongpu, Chiayi",0.1639,0.6687,43,54.2,0.7697409093463722,0.6935858900924403,0.6080746738641476,0.5073466354124978,0.2955604032781086,0.31592054550844945,0.579731651517962,0.7805726845350754,0.7472500308985293,0.7625360584300006,16379
"Jhuci, Chiayi",0.1454,0.6882,45.2546,53.9,0.785297325036885,0.7115372323426015,0.6210580512292444,0.500775594622544,0.27975794653544356,0.297349882589735,0.5695774647887324,0.7857747074580572,0.7549033441512629,0.7632754342431762,14186
"Jincheng, Kinmen",0.3139,0.6829,42.848,71.8,0.7940828402366864,0.7427099841521395,0.647324255858138,0.22858957060084134,0.25552200858096297,0.2574674292977439,0.6696866428393318,0.8546497728902701,0.835702746365105,0.8412801559580863,12549
"Jinhu, Kinmen",0.2877,0.6851,41.1175,72,0.7966869133075649,0.741036741036741,0.6528226255428126,0.233668903803132,0.23439054039120344,0.2498334443704197,0.6714835100804102,0.85188499832196,0.8371386795636037,0.8267406893361092,8939
"Jinning, Kinmen",0.271,0.6197,39,71,0.7224895076261644,0.6659836065573771,0.5983293802206868,0.2585904447425446,0.3103271459337504,0.32536179821410244,0.6517857142857143,0.8439635535307517,0.8108563012833999,0.8211552573645036,9658
"Jinsha, Kinmen",0.2582,0.6966,45,68.6,0.8333865814696486,0.7803310300498152,0.6845314505776636,0.21461847389558233,0.1908653846153846,0.2020883534136546,0.6697370624685982,0.8583782019905368,0.8414533443435177,0.8492604287851089,6129
"Lieyu, Kinmen",0.2467,0.7054,45,67.9,0.8153998025666338,0.7604270109235353,0.6770729270729271,0.19530284301606923,0.20241023118544024,0.21346106607713092,0.7055569524767412,0.8751233958538993,0.8598790322580645,0.8559556786703602,4052
"Wuciou, Kinmen",0.2369,0.6802,41,75.4,0.8471337579617835,0.7861635220125787,0.710691823899371,0.2721518987341772,0.22981366459627328,0.2331288343558282,0.6050955414012739,0.8961038961038961,0.8709677419354839,0.8766233766233766,154
"Beigan, Lienchiang",0.277,0.6811,42.7333,70.3,0.7804878048780488,0.7481343283582089,0.6726415094339623,0.20131086142322097,0.2295539033457249,0.24698235840297122,0.6778523489932886,0.8663507109004739,0.8641148325358852,0.8457142857142858,1055
"Dongyin, Lienchiang",0.234,0.6456,37.3333,86.4,0.7526132404181185,0.7017543859649122,0.5909090909090909,0.2206148282097649,0.48741007194244607,0.29359430604982206,0.6389891696750902,0.9078014184397163,0.8612099644128114,0.8827708703374778,564
"Jyuguang, Lienchiang",0.2587,0.692,45.2857,75.2,0.7648578811369509,0.7074122236671001,0.6177248677248677,0.23722149410222804,0.24438573315719947,0.2631578947368421,0.6914600550964187,0.871447902571042,0.8310626702997275,0.8469945355191257,739
"Nangan, Lienchiang",0.2932,0.6589,39.9167,79.5,0.7824307304785895,0.7497642250864508,0.6630778974034199,0.20678818353236958,0.24788202070913085,0.2660607959887183,0.7090850515463918,0.8831210191082802,0.8643472709862752,0.8739656269891789,3140
"Dahu, Miaoli",0.1546,0.6946,46,55.2,0.7816056118472331,0.7040784065760354,0.6082523498486538,0.35776942355889724,0.26855406269993604,0.3048016701461378,0.6013836270795585,0.8185155626496409,0.7818976683937824,0.7826792085630879,6265
"Gongguan, Miaoli",0.2101,0.6679,41.9947,59.6,0.7679788039364118,0.6929566662405726,0.5888860468090549,0.37383594846281415,0.27239981990094553,0.2953464455585551,0.6096409574468085,0.8067173232871464,0.7807469204197354,0.7840931260974182,15661
"Houlong, Miaoli",0.1713,0.6723,42.2734,55.4,0.7687918630612751,0.6799451405772707,0.587531328320802,0.45494683166469746,0.2927138064189403,0.3169634370445472,0.5775879066710483,0.7898187427689934,0.7480886354801088,0.7618892082571205,15558
"Miaoli, Miaoli",0.267,0.6595,41,63.6,0.763702009868817,0.713232431380183,0.6296133888767084,0.3317483806797506,0.2808195760476702,0.31449403014288513,0.6290455601929373,0.8270961745426083,0.8013999553205748,0.8164485058039022,40884
"Nanjhuang, Miaoli",0.1196,0.692,46,51.8,0.788152120916626,0.690846286701209,0.5834975369458129,0.3724666337123084,0.26904055390702275,0.2922093880560334,0.5862599333504229,0.7765824368276207,0.7741194486983155,0.7591556459816887,3997
"Sanwan, Miaoli",0.1648,0.7085,47,53.9,0.7900063251106895,0.7049649904519414,0.6013195098963242,0.36148755121336273,0.2543720190779014,0.2750965250965251,0.5909090909090909,0.7910112359550562,0.7653228449688627,0.7571194762684125,3115
"Sanyi, Miaoli",0.1958,0.6713,42.1593,56.9,0.7846509240246407,0.7178492955926069,0.6175479523068947,0.339214934151643,0.253765932792584,0.2795199380565234,0.5809435707678076,0.8272468272468273,0.7992429186790236,0.8089288038526617,7722
"Shihtan, Miaoli",0.1064,0.7297,52,54.1,0.820230607966457,0.7425847457627118,0.62486602357985,0.3524804177545692,0.23478729133010232,0.26464323748668794,0.6272479564032698,0.8272921108742004,0.7960308710033076,0.7949561403508771,1876
"Tai-an, Miaoli",0.0838,0.7135,42,57.9,0.8145040455498951,0.7218045112781954,0.6193233770192015,0.3331273176761434,0.22239216885897828,0.23783287419651056,0.5697977821265493,0.803446075303127,0.7789913266945069,0.7767683322517845,3134
"Tongsiao, Miaoli",0.1675,0.6754,44,53.4,0.7756985222946376,0.6985596037280845,0.6154799165362546,0.45524262858653974,0.29279706999457406,0.3092167775213791,0.5837455830388693,0.775143875034256,0.7273993592422343,0.7505751132798885,14596
"Tongluo, Miaoli",0.1883,0.6789,44,57.5,0.7717710371819961,0.7087031558185405,0.5916172106824926,0.3560624542571359,0.26800587947084764,0.2879941075374417,0.6112852664576802,0.8204440107343255,0.8002980625931445,0.7925089916904378,8198
"Toufen, Miaoli",0.2543,0.671,38,62.2,0.7605246502695271,0.705349704012278,0.6307492172685981,0.3603853870405891,0.2842448291915139,0.2968362831858407,0.5981713185755534,0.8096731557606577,0.790872890176026,0.7976203940374132,44639
"Touwu, Miaoli",0.1828,0.6907,44.86,58.3,0.7803586678052946,0.73713298791019,0.6186352615171459,0.39102893340181477,0.27472717824354753,0.2926618206992039,0.6135957066189625,0.824852890273451,0.7961011591148578,0.7490361023484052,5778
"Sihu, Miaoli",0.1519,0.7132,49,58.3,0.7872592592592592,0.7042719614921781,0.596316425120773,0.3638272345530894,0.28056900726392253,0.3013740458015267,0.5914214151534126,0.8153247530679437,0.7964274715121651,0.7853435114503817,3341
"Yuanli, Miaoli",0.1747,0.6652,41,52.5,0.7782110307244198,0.6965846284661533,0.6077182643410485,0.476109537299339,0.27696007696007696,0.30034146106862886,0.580426939266386,0.7823365445743068,0.7415942388875093,0.7693708772275278,20449
"Zaociao, Miaoli",0.1914,0.6824,43,55.9,0.7807133421400264,0.7022938829787234,0.6051882845188284,0.38271812080536916,0.27265043948613926,0.2864864864864865,0.5893820713664055,0.8040677966101695,0.7801272133402097,0.7834077636551013,5900
"Jhunan, Miaoli",0.2757,0.6678,37.7051,63.5,0.7478738292604156,0.6940326769097598,0.6187126561651276,0.41168810027673775,0.3074367001702642,0.3200799036777583,0.5936443542934415,0.8068310461937764,0.7821898299405211,0.7896578538102644,36217
"Jhuolan, Miaoli",0.1695,0.6887,44.9157,54,0.7696764847899565,0.6915715863084284,0.6142910124860922,0.4342870711148047,0.2767241379310345,0.28962019052332055,0.6138817480719795,0.8099462701486942,0.7723649247121346,0.7726983318477015,8003
"Puli, Nantou",0.1802,0.6484,42.9468,51.4,0.7809999207669757,0.7028154608096469,0.6098983014748949,0.3833014090420089,0.263821506637522,0.2918785802237807,0.6164689462665737,0.8344473426801434,0.8062072939820532,0.80276759379221,36804
"Caotun, Nantou",0.2276,0.653,41,56.6,0.7572466884569069,0.6909956107948373,0.6021022973558734,0.4216574490520562,0.28585098516810925,0.31362467866323906,0.6165682068330376,0.8199030093669036,0.793707935514165,0.7971017733747792,45159
"Guosing, Nantou",0.1183,0.6911,47.4924,47.8,0.8016510234083456,0.7187357371063441,0.6039866344048853,0.3974358974358974,0.2591286543055398,0.2583732057416268,0.6131560199477559,0.8278451761987291,0.7805941994812544,0.7854370074108928,8655
"Jiji, Nantou",0.1605,0.6932,46.3654,57.6,0.7664829944898347,0.6851356515093618,0.5746684605035557,0.4166666666666667,0.28263380824027723,0.30015372790161415,0.6224325412807088,0.7956190103657343,0.7967415060600039,0.7835030956660675,5113
"Lugu, Nantou",0.161,0.715,48,54.7,0.7980271270036992,0.7094603016328057,0.5817613991255466,0.41652490886998783,0.31874059207225286,0.28259250062080954,0.6253098499673843,0.8255109765329296,0.7972955569864778,0.7917202365646696,7926
"Mingjian, Nantou",0.1629,0.6763,44,52.3,0.7700826621449767,0.7030825746685833,0.6134753661784288,0.46328214770709286,0.26968388506850044,0.2911392405063291,0.6172482773949767,0.815251186385207,0.7882952782088228,0.7826327433628318,18333
"Nantou, Nantou",0.2528,0.649,41,58,0.7638645888432274,0.7038067379876041,0.6272970707875963,0.41277756294140394,0.27947553381697116,0.2974282137066152,0.6246306458421275,0.8223454210711404,0.798161648177496,0.8021173152610864,48341
"Ren-ai, Nantou",0.0946,0.69,37,56,0.8266164105537837,0.7502150845999427,0.6360860715324222,0.35347877358490565,0.26940035273368607,0.25055432372505543,0.633147723550606,0.8235389347579731,0.810505645557192,0.7708741030658839,6177
"Shueili, Nantou",0.1431,0.6778,47,51.4,0.780749969463784,0.7081587379837319,0.6015779092702169,0.4115076474872542,0.272850790513834,0.286806411837238,0.6190905577740564,0.8207487709567629,0.7796761443325259,0.7839458907605922,7933
"Sinyi, Nantou",0.1121,0.6519,37,55.4,0.8500061675095596,0.7820368282600526,0.7075825825825826,0.402509516424644,0.22943949711891043,0.19238872794311299,0.6352240676903792,0.806456571867794,0.7896128129373348,0.7473929961089494,6505
"Yuchih, Nantou",0.1343,0.6876,46.463,49.9,0.785063752276867,0.701278628635661,0.5700709219858155,0.4246783787522479,0.3111392049445147,0.3004953998584572,0.6139425893380199,0.8181688737006977,0.7845351867940921,0.7842910771007797,7023
"Jhongliao, Nantou",0.1197,0.7091,48.5848,49.3,0.801673640167364,0.7134370579915135,0.5912100295816313,0.44763490081842144,0.26422250316055623,0.2746677975685609,0.6041051388068518,0.817582102394952,0.773802570093458,0.785870039249891,6973
"Jhushan, Nantou",0.17,0.6801,43.0767,53.1,0.7813172097553057,0.7126502342635975,0.5894715364211386,0.4369068119018061,0.26841565894650543,0.310667215815486,0.6208072284021651,0.7819873433636478,0.7754330842391305,0.7910802102764117,23861
"Baisha, Penghu",0.1569,0.6915,43.8274,63.7,0.7979539641943734,0.7228151139313528,0.6610709117221418,0.4331535623048538,0.26298604927278124,0.28336325553560743,0.6292805529374804,0.7865342848278002,0.7636761487964989,0.7704460966542751,3223
"Husi, Penghu",0.1718,0.6621,43,64.4,0.7852486496554293,0.7258520052720768,0.6310826103357223,0.44763822775540096,0.28080062184220755,0.2880891844318404,0.640582726326743,0.8096602537863283,0.7870370370370371,0.7976653696498055,4886
"Magong, Penghu",0.246,0.6237,39,70.1,0.7567204301075269,0.7028350720713546,0.6340810043580825,0.39338555265448216,0.2922739637042751,0.30793005286701913,0.6330622844735834,0.8081279147235176,0.7833142663446464,0.8009181969949917,24016
"Cimei, Penghu",0.1682,0.6877,42,61.5,0.7373225152129818,0.6646026831785345,0.5827186512118019,0.4556830031282586,0.3365180467091295,0.3468085106382979,0.6114285714285714,0.7982062780269058,0.7596810933940774,0.7542857142857143,892
"Wang-an, Penghu",0.1587,0.6912,46,65.6,0.7836065573770492,0.703601108033241,0.656441717791411,0.4729119638826185,0.29324644549763035,0.29109384339509864,0.6225296442687747,0.8061617458279846,0.7816393442622951,0.7509829619921363,1558
"Siyu, Penghu",0.1365,0.7038,45.1102,59.6,0.7818336162988115,0.7049608355091384,0.6242950108459869,0.4946677604593929,0.29159369527145357,0.2997370727432077,0.6224188790560472,0.8004878048780488,0.7782587782587782,0.7474600870827286,2050
"Chaojhou, Pingtung",0.2081,0.6446,42,58.6,0.7646624059823486,0.7022628708832496,0.6257209262288026,0.5003193799770046,0.29834448749559705,0.31765017433905635,0.5874744724302247,0.7911886186324002,0.7629653490405411,0.760855654081726,21790
"Checheng, Pingtung",0.104,0.6773,47,53.2,0.7488387524883875,0.6413630229419703,0.5722952477249748,0.5540930979133226,0.33599444637278725,0.35614525139664804,0.5684133915574964,0.7888605751729159,0.7445712182554288,0.7328440366972477,2747
"Chunrih, Pingtung",0.0735,0.651,36.8636,55.5,0.7595983461311282,0.6739515652687537,0.6441176470588236,0.3721325403568394,0.32505643340857787,0.3340926347760061,0.5717277486910994,0.7810590631364562,0.7602880658436214,0.7336734693877551,982
"Donggang, Pingtung",0.1727,0.6486,40,55.2,0.7661601725089012,0.6920117444568189,0.5989715914876286,0.534375466719769,0.29752022970503783,0.3167189132706374,0.5723659030018043,0.78626242974492,0.7477273979395075,0.7494165535956581,18504
"Fangliao, Pingtung",0.1369,0.678,45,54.8,0.7836542977923908,0.6972866026003391,0.6138153525002372,0.5127712166987092,0.287971558364606,0.3205938409068111,0.5897988505747126,0.7795627859684799,0.7484347736836703,0.7408840904461194,9835
"Fangshan, Pingtung",0.0893,0.6871,45,51.8,0.7745346869712352,0.6861747243426632,0.6158119658119658,0.5433102887352582,0.3031111111111111,0.3114537444933921,0.5961895910780669,0.7772664519098021,0.7530288909599254,0.7321262766945218,2173
"Gaoshu, Pingtung",0.1118,0.7027,48.9268,51.4,0.7536041939711664,0.6674392824750579,0.5926682324109057,0.5756433217079838,0.3202341137123746,0.3401802557115909,0.5816459830176355,0.7560280578693556,0.7206225680933852,0.7294611307420494,9124
"Hengchun, Pingtung",0.1403,0.668,40.9979,52.5,0.752668416447944,0.6697506388228037,0.5661991708564876,0.4862913622690159,0.3203866276491975,0.3258996001776988,0.5699377517392896,0.8125684056913535,0.7701892016612829,0.7553640198056116,10964
"Jiadong, Pingtung",0.1378,0.6795,46.1159,54.6,0.7723649247121346,0.6769584077570809,0.622860791826309,0.5698687277634646,0.3241868558425913,0.338800752890562,0.5825809140158356,0.7761437908496732,0.7414586529075443,0.7712918660287081,7344
"Jiouru, Pingtung",0.1676,0.6586,42,55.2,0.7614452884417984,0.6871051268772657,0.6098616830324147,0.5819294023265142,0.3083369144821659,0.31560928640205416,0.5662851427936437,0.7824746807573756,0.735897435897436,0.7508294625082946,9084
"Kanding, Pingtung",0.1641,0.6539,39.1694,54.4,0.7450205761316873,0.6779242174629324,0.6107404936624417,0.5466237942122186,0.324582338902148,0.34257526790270454,0.5884312007011393,0.7850532565042779,0.7511995734849831,0.7480701754385964,5727
"Laiyi, Pingtung",0.0902,0.6597,39.8889,54,0.8047897521581732,0.740782122905028,0.6817670230725943,0.2657033323503391,0.2264367816091954,0.2375036116729269,0.6719392597279342,0.8273605484574634,0.800497203231821,0.7916273213723639,3209
"Ligang, Pingtung",0.1794,0.6763,41,56.9,0.7459592410400562,0.6719637784090909,0.5959854982757096,0.5532115599005231,0.33382151029748286,0.33351780114370044,0.5607961513064805,0.7702968442738084,0.7334285714285714,0.7357834382930727,10679
"Linbian, Pingtung",0.1524,0.6814,45,55.5,0.7833824251350024,0.7045621780721119,0.6311595979406718,0.572655690765927,0.2982745496066988,0.3509908536585366,0.5752865235146885,0.7740876870569703,0.744270205066345,0.7372512847542496,7618
"Linluo, Pingtung",0.2264,0.6674,46.3476,61,0.7391846181235535,0.6573526777718073,0.6391343552750225,0.5347991689750693,0.3165266106442577,0.37412069603850423,0.5672593737920371,0.7910360884749709,0.7485859176906573,0.7652545666537116,5154
"Liouciou, Pingtung",0.1247,0.6973,42,54.2,0.8138794084186576,0.7299501585863163,0.6357675785665837,0.45407239819004525,0.24119918237565297,0.2350948509485095,0.6223932472691162,0.8199404761904762,0.7817366059646345,0.7715415019762846,4032
"Majia, Pingtung",0.1019,0.6425,38.7727,58.3,0.7917463787920197,0.7396449704142012,0.6721991701244814,0.3383777239709443,0.25586227367171266,0.25997045790251105,0.6228799467908214,0.7846607669616519,0.7750247770069376,0.7437582128777924,3051
"Manjhou, Pingtung",0.0951,0.6733,46.0776,52.4,0.7647858599592114,0.6626464507236389,0.5690006798096533,0.4983563445101907,0.30916695712791914,0.3366851595006935,0.5803314121037464,0.7990603541741959,0.7620244077530509,0.7657657657657657,2767
"Mudan, Pingtung",0.1127,0.6708,41,59,0.7459246767847105,0.684567552289429,0.5834266517357223,0.3638483965014577,0.3058618688334301,0.3339191564147627,0.5892857142857143,0.828009828009828,0.8060531192093885,0.7717458359037631,1628
"Nanjhou, Pingtung",0.1557,0.6776,46.05,56.8,0.7573620904189133,0.6736999147485081,0.5892705682782019,0.560625,0.34912280701754383,0.35646618197840935,0.5722450845907636,0.7826771653543307,0.7491432488005483,0.750970984692712,4445
"Neipu, Pingtung",0.1864,0.6563,44.5186,56.2,0.7622068084329652,0.6981054365733114,0.6097807138269566,0.5189451894518945,0.3057776508661717,0.32226608952100083,0.5758860951226901,0.7878002591448221,0.7556074292093778,0.7616058975891612,20066
"Pingtung, Pingtung",0.2684,0.6363,42,61.3,0.7411279449738352,0.6864558472553699,0.6182912209516783,0.4648784976653829,0.312534196342301,0.34191189314452736,0.5977575837604888,0.7943869091957614,0.7681346205286579,0.7784688590717503,83234
"Sandimen, Pingtung",0.0968,0.6484,38.5952,57.5,0.7779527559055118,0.7131537242472267,0.664118112312154,0.35871247291860103,0.2758012349309027,0.2926322043969103,0.5971398674572724,0.7911065149948294,0.7741935483870968,0.7314878892733564,2901
"Shihzih, Pingtung",0.0747,0.6803,40,61.2,0.8258492776259274,0.7591069330199764,0.7080405932864949,0.28196058615462355,0.23526724531749657,0.2408256880733945,0.6030534351145038,0.8307783018867925,0.8148584905660378,0.7857559836544075,1696
"Taiwu, Pingtung",0.0814,0.6635,37,58.4,0.7925551138417058,0.7155329210622045,0.6399274047186932,0.3250197941409343,0.2446684761535479,0.2674062739097169,0.5992350191245219,0.7863070539419087,0.7553774778574441,0.7434928631402183,2410
"Wandan, Pingtung",0.1786,0.6575,41.0014,57,0.7661181548421905,0.6904448777833205,0.6183363025901055,0.5263755736289699,0.3069339467630628,0.3399490854233453,0.5707968949592218,0.7734462451939456,0.7374820819534378,0.749156355455568,20547
"Wanluan, Pingtung",0.1528,0.6726,45,55.1,0.7772457820337437,0.7065751858204689,0.5822813862749598,0.5664798206278027,0.31345269779820956,0.34179829890643987,0.5756718528995757,0.7596506771294773,0.7301973852858241,0.7426069298134281,7901
"Wutai, Pingtung",0.1203,0.6586,42.2391,57.6,0.7849860982391103,0.7481617647058824,0.7208982584784601,0.30094637223974763,0.24281524926686218,0.25455614344503236,0.5679779158040028,0.7926997245179064,0.7648686030428768,0.7386831275720165,1452
"Sinpi, Pingtung",0.1089,0.692,47.3831,53.3,0.7883709981167608,0.6834600760456274,0.6065418345579521,0.5375974323704723,0.28911892152142515,0.3163141259421347,0.574305378536834,0.7730337078651686,0.7441860465116279,0.7341708542713568,4005
"Sinyuan, Pingtung",0.1492,0.6596,42,54.5,0.7627488590515246,0.6823420320572261,0.6108588219580606,0.5683439115356933,0.3000409053722389,0.32819141642671057,0.5864326307459895,0.7753850541928123,0.7416582406471183,0.7394528437724982,14024
"Yanpu, Pingtung",0.1455,0.6629,42.5909,53.4,0.7681133103323043,0.6760972071091766,0.5984954026191139,0.504713560551124,0.30316826163709004,0.3201418704498787,0.5957824201813166,0.7875343002744022,0.7504466944609887,0.7482953438534969,10204
"Changjhih, Pingtung",0.2042,0.6566,44,59.8,0.7537548538354458,0.6871327849588719,0.6103001111522787,0.4962782813766674,0.33112133323278786,0.3432405792706043,0.5894370100562198,0.7780379302271131,0.7482351074799715,0.7449980384464496,12813
"Jhutian, Pingtung",0.1713,0.6755,47,57.6,0.7711792509998788,0.6755325550607775,0.6139642944485204,0.5411486086441681,0.30946031746031744,0.39436268396108753,0.5736673089274246,0.7732102200860106,0.7384635050492139,0.7455861806172996,7906
"Beitou, Taipei",0.3664,0.6646,41.2402,69.9,0.6597835508981522,0.6298143721359718,0.5910409253439305,0.4571575650980224,0.38341615341545354,0.3889667987238369,0.5798234461366444,0.7694972288202692,0.7475460011590843,0.7649635428796646,111144
"Da-an, Taipei",0.5283,0.6782,43.4713,86.1,0.645903887895135,0.6268230862903911,0.5951213271354855,0.4098811642944086,0.379592881833312,0.38873897286559533,0.593208034201823,0.7642343493338201,0.7489448201944044,0.7679555196530067,136975
"Datong, Taipei",0.3297,0.6558,42,65,0.6544466961230524,0.6142589243855067,0.5733143001091612,0.5219996378660433,0.39935350663417274,0.40851828616965363,0.5526524567620458,0.7420982782104565,0.7133082932162443,0.7369018710364948,57266
"Nangang, Taipei",0.3563,0.6679,40.72,68.9,0.6604327986725663,0.62207136640557,0.5811425770994504,0.4399146100177028,0.3838951639819418,0.3926164458287142,0.5805770455993446,0.7825480751819796,0.7603347982275388,0.7733147491130259,55226
"Neihu, Taipei",0.4137,0.6606,39.9311,77.3,0.6437826339199381,0.6203859748549612,0.5939927189002101,0.4234289744255967,0.39085661960625373,0.3956038989408982,0.592730567861458,0.7791960681601084,0.7636369306089357,0.7785085189031191,129812
"Shihlin, Taipei",0.3734,0.6621,42,69.9,0.6589835308145168,0.622891847347547,0.5896569411338745,0.4759245868153659,0.3863483831604637,0.39554077452917263,0.5684147362104631,0.7532843970575562,0.7342471828253312,0.7483540657121162,127649
"Songshan, Taipei",0.4795,0.6747,43,81.4,0.650645653698585,0.6297799217407507,0.5981595410264656,0.4198822961494613,0.3820479720163238,0.38800753170285146,0.5921158487530169,0.7692733034176219,0.7545829981228211,0.7707613007233312,94042
"Wanhua, Taipei",0.2926,0.6589,43.5458,61.5,0.6773507916481968,0.6342993451609573,0.5839940336182663,0.47465651794714964,0.3718807977736549,0.3856677070884049,0.5758185366323753,0.7667619387876623,0.7459715297348074,0.7613582189168574,83970
"Wunshan, Taipei",0.4236,0.6654,41.4738,76.3,0.6624455514276778,0.6407160984978394,0.6047048359518168,0.38583365647073137,0.36631905753609934,0.377154130172791,0.6121691031212959,0.7937581396808461,0.7780595867447629,0.7884216481237035,127462
"Sinyi, Taipei",0.4174,0.6663,43,72.9,0.6637358543286919,0.6318638026451553,0.591964361396536,0.4232111124549929,0.37287608199596434,0.37994036067591236,0.595029952972857,0.7752042937962381,0.7614024807110069,0.7788356091264642,103405
"Jhongshan, Taipei",0.4182,0.6584,43.1065,73,0.6449617874023791,0.6189742728053471,0.5800524689340965,0.46580201751468797,0.3918519494700378,0.39943337461067957,0.5689007522446008,0.7584354718946181,0.7362259891403772,0.7543972750365637,103699
"Jhongjheng, Taipei",0.4746,0.6763,41.6247,81.6,0.6575250192455735,0.6305918099578758,0.5937231655632808,0.4260603482580238,0.37180429746563276,0.3836989725076368,0.5927696060947598,0.7677861685214626,0.7494187138050056,0.7686440197357228,70448
"Beinan, Taitung",0.1155,0.648,44,54,0.7776725304465494,0.7069552198176127,0.6210095497953615,0.41880809185347184,0.27318435754189946,0.29898074745186864,0.5904997094712376,0.7879787691866303,0.7631426081905315,0.7582528470520398,6971
"Chenggong, Taitung",0.0972,0.6723,46.0302,52.3,0.8137679902895787,0.7454420364637083,0.615648005478514,0.3499553172475425,0.21626045834849036,0.22845879481884737,0.6176189566214408,0.7898536956108684,0.7707092062271766,0.7711718600649972,5263
"Chihshang, Taitung",0.1133,0.6772,46.75,52.6,0.7791735537190083,0.684669573968467,0.5683789192795197,0.4125717932354818,0.27221297836938435,0.3011114853486022,0.593391304347826,0.8008849557522124,0.7664816099930604,0.7519834425664023,2938
"Daren, Taitung",0.0914,0.6515,42,58.8,0.8042269187986651,0.7378964941569283,0.6807670614777214,0.31124620060790276,0.22136498516320474,0.2325015216068168,0.4829800899165061,0.7863031071655041,0.8270339525944908,0.7542748575047499,1577
"Dawu, Taitung",0.1005,0.6669,43,54.1,0.7993827160493827,0.7246713070378964,0.7361702127659574,0.38820534577853205,0.2660668380462725,0.27580225498699046,0.5741265344664778,0.7736817545496967,0.7442189712128362,0.7344924812030075,2143
"Donghe, Taitung",0.0902,0.6763,49,50.4,0.7922858046158711,0.7301536491677336,0.6285533796588756,0.3977682966852642,0.2634570377800067,0.2846865364850976,0.5805416963649322,0.7716337522441652,0.7589090909090909,0.7337896253602305,2785
"Guanshan, Taitung",0.1461,0.6533,45,55,0.7710570944036179,0.7031911889296809,0.6031927023945268,0.37482478273058595,0.2625,0.2970639032815199,0.6156094709149371,0.8169422686393966,0.7915551590841511,0.7803163444639719,3447
"Haiduan, Taitung",0.0998,0.6083,35,58.9,0.8138987043580683,0.7159693576900412,0.5957193816884662,0.3254511512134412,0.21507352941176472,0.233270794246404,0.5551948051948052,0.7503259452411994,0.7427631578947368,0.7221494102228048,1534
"Jinfong, Taitung",0.1025,0.6322,37.9286,59.9,0.7936590436590436,0.7433489827856025,0.672071129707113,0.29599499374217775,0.2712574850299401,0.2785276073619632,0.6007092198581561,0.7741477272727273,0.7571428571428571,0.7185501066098081,1408
"Lanyu, Taitung",0.1501,0.595,36,60.6,0.7530940594059405,0.624765478424015,0.535423197492163,0.4288563829787234,0.276158940397351,0.3045822102425876,0.43694004135079256,0.7264957264957265,0.7119252873563219,0.6869257950530036,1404
"Luye, Taitung",0.1128,0.6759,46.3125,54.1,0.7530949105914718,0.6793945648434813,0.5812112869924294,0.44418132611637345,0.297111416781293,0.3131772107654666,0.5906453952139231,0.7582496413199427,0.7344777209642075,0.7423469387755102,2788
"Lyudao, Taitung",0.2087,0.6391,39,69.8,0.7127107652399481,0.6818477553675992,0.6176470588235294,0.34098360655737703,0.3162393162393162,0.3100929614873838,0.6199312714776632,0.8108293351610693,0.7926744989633725,0.7822802197802198,1459
"Taitung, Taitung",0.2079,0.6337,41,60.2,0.7737204170812962,0.7166351236702996,0.630070143336383,0.37174997811433075,0.2668531283722774,0.2895282240991242,0.615208210344671,0.8088709311299769,0.7901107450118983,0.7849302877484426,44054
"Taimali, Taitung",0.0971,0.6731,44.2705,55,0.8158102766798419,0.7517842981760507,0.6678543151227236,0.41491788321167883,0.25166017861231965,0.2670547147846333,0.5940569126164694,0.7770052148000993,0.7552923387096774,0.7490664675130695,4027
"Yanping, Taitung",0.1142,0.6271,37.5,55.7,0.8120024494794856,0.717948717948718,0.6596273291925466,0.32105628908964556,0.2367182246133154,0.23055746730901583,0.5517241379310345,0.7642153146322972,0.7429443173150267,0.7388679245283019,1319
"Changbin, Taitung",0.0764,0.6741,50.0984,48.7,0.7975724353954581,0.7303940694498634,0.6354737666405639,0.3886792452830189,0.2386411889596603,0.2567099567099567,0.6017069701280228,0.772685609532539,0.7567824845311756,0.7356643356643356,2182
"Anding, Tainan",0.2081,0.6684,41,56.3,0.7509089559991096,0.6992236598890943,0.6328477408858981,0.5566002256487401,0.31261101243339257,0.3407983655508408,0.5697541917629823,0.7754889387624239,0.7378341051263303,0.7628483969711616,12476
"Annan, Tainan",0.2441,0.6413,38.0657,56.9,0.7266061840399926,0.6740266054931492,0.6215559762841911,0.5381612482128426,0.33479912307535437,0.3473166040266758,0.5724540990606319,0.7752118335999154,0.7348119575699132,0.7583201058201058,75649
"Anping, Tainan",0.3039,0.6336,40,64.6,0.697248042157652,0.6585498620989984,0.6207147536210786,0.5022121466964057,0.34834368530020704,0.359892536434565,0.5737519940858332,0.7714307769500945,0.7427135286783042,0.758901361725109,25909
"Baihe, Tainan",0.1546,0.6952,48.4937,53.3,0.7607555089192025,0.6863260340632603,0.6117624261214999,0.585259038389862,0.3229473256876078,0.35143059346881,0.5790855392693065,0.764314104629928,0.7323619631901841,0.7465511709977543,9309
"Beimen, Tainan",0.1439,0.7056,47,52.2,0.7949975478175576,0.7169200099676053,0.6433358153387937,0.5609934258582907,0.3223872817305186,0.29848008385744235,0.5949871831387069,0.7962910128388017,0.7591516560139454,0.7589056711313764,3505
"North, Tainan",0.3237,0.6417,41.1751,64.4,0.7096356385698217,0.6707508314808113,0.6300633783411408,0.5062647570790894,0.3495534932586237,0.36055512936745937,0.5726494152316052,0.7644455822118198,0.7384278584812898,0.7608206703604147,54688
"Danei, Tainan",0.132,0.7156,49.2286,51.7,0.7958219348420791,0.7176620076238882,0.630451415455241,0.5715342871238284,0.2881628280664167,0.3150390099542642,0.5920314253647587,0.802013422818792,0.7613603886824807,0.7564709156693571,3576
"East, Tainan",0.3809,0.6356,40.7499,69.7,0.6953472772730045,0.6622934709170198,0.6302143577880048,0.4823931960564698,0.3466953291002398,0.36787320199736667,0.5758230665700383,0.7653737358081141,0.7407857432158769,0.7586830446519678,77421
"Dongshan, Tainan",0.134,0.7108,48.8694,52.8,0.7764586651223396,0.7072916666666667,0.6232399585000741,0.5594907068637495,0.3017910920906641,0.3319561417447958,0.5790829469345699,0.776012044161927,0.7402575107296138,0.7406296851574213,5978
"Guantian, Tainan",0.2064,0.6774,44,56.3,0.7439353099730458,0.6797701149425287,0.6100275355667738,0.5979530537323395,0.36603953322219573,0.36441382587005583,0.5730950608091337,0.7599851153559911,0.7204913880445796,0.7398363906792266,8062
"Guanmiao, Tainan",0.1883,0.6718,43.5736,53.9,0.7553970701619122,0.6860449908448862,0.6207210133160117,0.5351239669421488,0.3097986577181208,0.3337380277890193,0.5843424989314717,0.778295888088173,0.740344113657457,0.7508848931049129,14154
"Gueiren, Tainan",0.2454,0.6536,39.4093,59,0.727897312152289,0.6746500883272184,0.6236025264295606,0.530126582278481,0.34511959076455134,0.3478200306449366,0.5711041933711775,0.769967934703396,0.73879994124559345,0.7599838939931916,27444
"Houbi, Tainan",0.1708,0.7056,49,56,0.7677038626609443,0.7020453289110006,0.6267706160096629,0.5855434217368695,0.31518855956637065,0.34,0.5710044532409698,0.7811085280802643,0.7436377245508982,0.7652999148314881,8173
"Jiali, Tainan",0.253,0.6612,41,57.5,0.7464371933650027,0.6933820028566894,0.6296707215596149,0.5479137474700296,0.3215280862577232,0.3434652906554866,0.5974603446064389,0.7930487753995077,0.7563639454336832,0.7685068481640198,23967
"Jiangjyun, Tainan",0.1424,0.6947,47.9475,50.6,0.7379804721295267,0.7262906670016329,0.6612107040789815,0.601189738505391,0.2956322458883796,0.2904120993478563,0.5879560961139128,0.7853435114503817,0.7521892763865418,0.7650075414781297,6550
"Liouying, Tainan",0.1989,0.6798,45.8282,57.5,0.7663299663299663,0.6983565396028304,0.625769669327252,0.5564732142857143,0.30884966236227934,0.336694021101993,0.5952470765748774,0.7905372104484968,0.7567567567567568,0.7608211723967351,8116
"Lioujia, Tainan",0.212,0.6731,43.5436,57,0.7085785423268447,0.6689510976884656,0.5796511627906977,0.57146007940008825,0.33577159037281734,0.3791958249317993,0.5601959583588487,0.7643762183235867,0.7262701363073111,0.7389768574908648,8208
"Longci, Tainan",0.1135,0.7555,53,51.8,0.7935883014623172,0.7244186046511628,0.633810888252149,0.5128351397604107,0.2904389657245941,0.29358353510895885,0.5859831278390656,0.7844546048334422,0.7509907529722589,0.7738791423001949,1531
"Madou, Tainan",0.2416,0.6761,43,58.1,0.7292913900076194,0.6625827814569536,0.6044170004450379,0.6139700037097885,0.34280860702151755,0.37659973835390476,0.5647736823148037,0.7631799163179916,0.7327721932905413,0.7434514176107415,16730
"Nanhua, Tainan",0.1391,0.719,48,52.1,0.78631995477671,0.7048611111111112,0.6041909196740396,0.48271922307912024,0.2872309053376585,0.31137370753323484,0.579206398031375,0.7880916030534351,0.7579598145285935,0.7524509803921569,3275
"South, Tainan",0.2595,0.6315,42.3619,55.4,0.7267360600264823,0.680720674297913,0.6371728517417318,0.5401619329135072,0.3315766525753066,0.34229662172398123,0.5640502132648729,0.7599254090471608,0.7303293316028553,0.7445365033621518,49872
"Nansi, Tainan",0.1309,0.7071,49,50.6,0.7944354403025392,0.7265004110715264,0.6261785912368275,0.4484914378907312,0.25391403358952463,0.2811528680418197,0.5966436919388672,0.7918037690696978,0.7727965843244892,0.7756332931242461,3343
"Cigu, Tainan",0.1393,0.6932,46.5186,50.7,0.7830402416657676,0.7246344948884248,0.6604640980735552,0.5902033675923901,0.30619927067403835,0.32110849056603774,0.593708870755462,0.7917804656002081,0.754453602765222,0.7527472527472527,7689
"Rende, Tainan",0.2563,0.6616,40.6964,59.3,0.7424602232248873,0.6935057125676488,0.6386796699174794,0.49716139497161393,0.320582095050964,0.33413632292535284,0.5767785408837631,0.7796288553693758,0.7546583850931677,0.7730624335898509,31093
"Shanshang, Tainan",0.176,0.6866,46.0543,53.1,0.7676258992805756,0.6843625857710365,0.6142857142857143,0.5757795503988398,0.3254392666157372,0.3513820522529345,0.5891629599676507,0.7833733013589129,0.741764945099634,0.7546333601933924,2502
"Shanhua, Tainan",0.2966,0.683,39,70,0.7138644542183127,0.6707598235765838,0.6214397733596398,0.5454591732844635,0.35133447791478073,0.3697794462693571,0.5666611688383089,0.7654066933824326,0.7320686638967855,0.751097620467234,18466
"Sigang, Tainan",0.1999,0.6625,42.6062,52.9,0.7551727652634798,0.6785824029499129,0.6114982578397212,0.5681323034264211,0.3234033657363855,0.3397328881469115,0.5801854783985524,0.7873865800380867,0.7599004299615297,0.7589326096788783,8927
"Siaying, Tainan",0.1914,0.6947,46,56.3,0.7578344612181156,0.705045140732873,0.6278744895766173,0.5911716171617162,0.3280645517851221,0.3464081586910232,0.5896982555398397,0.7865903515944399,0.7523197715917203,0.7605051935788479,8561
"Sinhua, Tainan",0.2291,0.658,42,55.5,0.7469421317709939,0.6939209884234023,0.6263307684199431,0.5188385940875797,0.3201796599294193,0.35120744366159307,0.5677932629915928,0.782608695652174,0.752995967512921,0.758226997985225,17848
"Sinshih, Tainan",0.2667,0.6636,38.7462,59.8,0.7339727410398789,0.6847165991902834,0.6156536113936928,0.5510709972668912,0.3244528400208442,0.34998371865841743,0.576252498104886,0.7628824204768015,0.7367235494880546,0.7645665561345334,14807
"Sinying, Tainan",0.3002,0.6503,41,63.6,0.7236829645528866,0.6750345093255433,0.6117981657239638,0.4923188087084917,0.3262124523009687,0.3513075601931365,0.6016871322153815,0.7889238259458363,0.7631605846877236,0.7733180299091922,29577
"Syuejia, Tainan",0.2011,0.6665,44.2163,54.6,0.7649139579349904,0.6927693350111316,0.6142705416626436,0.584325302352157,0.30795465944427725,0.3343958561609722,0.5792516291780534,0.7763061841693607,0.7364161849710983,0.7620535249401229,9589
"Yanshuei, Tainan",0.1898,0.6777,45,55.3,0.7551456310679612,0.6843616915915619,0.6137305188400078,0.5745042492917847,0.3214322250639386,0.3574121242995415,0.5738043478260869,0.7728737113402062,0.7335726718885988,0.7460674157303371,9312
"Yongkang, Tainan",0.2883,0.6457,38.8631,61.9,0.7161764409410721,0.6714479491436207,0.617878867489845,0.49112564222326016,0.3406283677360524,0.3521549147721417,0.5834633892573807,0.7836280527061247,0.7535975708941062,0.7706039516493934,93196
"Yujing, Tainan",0.1631,0.6927,48.1481,53.6,0.785934819897084,0.7436967483915841,0.6347209920283436,0.4695121951219512,0.2783189033189033,0.300378856215046,0.603448275862069,0.8035311795642374,0.7704480457578646,0.7758034026465028,5324
"West, Tainan",0.3413,0.645,43,61.6,0.7070143120306079,0.659020618556701,0.6230453619487563,0.5442998319710648,0.35087260034904016,0.36253741318687704,0.5462166875745801,0.7513251552324701,0.7136281339184337,0.7344220802699771,33015
"Zuojhen, Tainan",0.0998,0.7383,53.5595,50.6,0.8294812532100667,0.7438833940655908,0.6652956298200514,0.5617316942811331,0.2547008547008547,0.2869415807560137,0.5720338983050848,0.7907396271797955,0.7473942366646229,0.7375971309025703,1663
"North, Taichung",0.3323,0.635,41,59.8,0.7089508523226524,0.6691355489718694,0.6137450552045817,0.42983928649627046,0.3351385035386282,0.34556127277028625,0.6046696364599233,0.8116788982513364,0.7770321114301949,0.790481832543444,66222
"Beitun, Taichung",0.3157,0.6443,38.5578,62.5,0.7164981461424743,0.6768160827584022,0.6188464026966795,0.41217887126498337,0.32021910359441846,0.3337362707739601,0.6138416000535135,0.8180778217693256,0.787630763668039,0.8056732137308453,123256
"Da-an, Taichung",0.1627,0.6714,41,51.2,0.7751556866601115,0.6949922446266341,0.5970663407045227,0.44936225880300884,0.2776781712236665,0.29866636781351563,0.5904603306768169,0.8116716783606193,0.7787885766927684,0.7831682040769844,8979
"Dadu, Taichung",0.2202,0.6488,38.6546,54.8,0.7619282971524161,0.6920285703372675,0.6031235645383556,0.43363166043578416,0.2962009756847079,0.30228443965848784,0.6050673065191753,0.8153560658779866,0.7823489853237865,0.7945582510911021,25866
"Dajia, Taichung",0.22,0.6505,38,54.2,0.7467445121776709,0.6954573056125842,0.6188384859867091,0.4393537983067442,0.2969107887472837,0.31576015247031225,0.5935590320215106,0.8052850356294536,0.7691188946794328,0.7943702721436967,33680
"Dali, Taichung",0.2508,0.6379,37,55.7,0.7419863035720027,0.6870022799226339,0.615464553632319,0.44429755263921583,0.3094696763666032,0.3215499956411821,0.6049097389904565,0.8123059585234618,0.7737868002065976,0.7908005900496178,90509
"Daya, Taichung",0.2341,0.6443,36.9755,57.2,0.7405092917661377,0.6889211871161329,0.6099747564111638,0.4170403587443946,0.29174864294687936,0.3195976792847632,0.6017866946149624,0.8181707524892275,0.7856096489086382,0.8073559420853172,41077
"East, Taichung",0.2689,0.6419,40.2062,56.3,0.7356438634553594,0.6801981824154166,0.6112770311376583,0.4637558171366001,0.32816795801049736,0.33131669607596,0.5913686302010285,0.8023679674475119,0.7613458981326241,0.7802495930548019,35389
"Dongshih, Taichung",0.1845,0.6725,43.4181,52.7,0.7947900273337198,0.7293666026871402,0.6509052631578948,0.3893864289582205,0.2560210312075984,0.28519102176412964,0.5922904527117885,0.814732046929391,0.7791383823594659,0.7945043903717618,23269
"Fongyuan, Taichung",0.2448,0.6471,39,55.9,0.7397756752632382,0.6848480988472072,0.6109993980301497,0.45163088225980114,0.30688572678383036,0.326032468283654,0.6009561455050478,0.7986049773990752,0.767946687780417,0.7895682745411852,76988
"Heping, Taichung",0.1197,0.7122,45,53,0.8287965616045845,0.7378658101356174,0.62368842255024,0.3640862495581478,0.20965468639887244,0.22743425728500355,0.6019698725376593,0.839076178059229,0.8069031639501438,0.8005692599620493,5369
"Houli, Taichung",0.1957,0.6648,39,55.2,0.7424975798644724,0.6843872638265162,0.5817307692307693,0.43403388205210164,0.29297354843993123,0.31001382900837876,0.6066988950276243,0.8199688754197723,0.7836465849974829,0.78609891475437,24418
"Longjing, Taichung",0.2439,0.6472,37,57,0.7435994414057954,0.6881792684351993,0.6114572923402505,0.4314260819053151,0.3186051294103822,0.3162511406116622,0.6012258543833581,0.7956154441073234,0.7651851401471393,0.7905793829947328,33618
"South, Taichung",0.3415,0.6424,39,64.8,0.7082234163816968,0.6674121353597022,0.6208633804208239,0.4507717130889711,0.3408297918079143,0.3474580482714066,0.5917601707165967,0.8080542278034075,0.7712811109979287,0.7847181432191586,60043
"Nantun, Taichung",0.3553,0.6422,37.9264,73,0.6987299945769381,0.6629869145657555,0.6197850338749936,0.4220030349013657,0.33502849403286394,0.34693539340166235,0.6006990767917179,0.8129867450616329,0.7787529232467089,0.7875244675472823,77556
"Cingshuei, Taichung",0.2217,0.6522,39,54.4,0.7529630841239086,0.686282950545694,0.6054181688924999,0.44674955062911925,0.30699739702955137,0.32156922919543757,0.6126890934094996,0.8193660001017656,0.7716609321238661,0.7915968120502438,39306
"Shalu, Taichung",0.2576,0.6631,37,60.9,0.7413447994662318,0.6821152555850998,0.6079902302861131,0.4318787639451081,0.3045971255445941,0.3174337587093874,0.6011554621848739,0.8127789404674853,0.7693966070374458,0.8017497901777767,39659
"Shengang, Taichung",0.2058,0.6534,38.3799,52,0.7596794001680564,0.6890484507406689,0.6008642256083694,0.4616969228788464,0.29225778971855443,0.3012418257480679,0.5823210939126814,0.8075140847418075,0.7673534503241574,0.7827653556034483,29997
"Shihgang, Taichung",0.1848,0.6597,42.4398,52.1,0.7752683674891956,0.6929355474247115,0.6040993963217746,0.42612064194798005,0.26548672566371684,0.29817616287289694,0.6060114925593045,0.806156873770031,0.7750940121492623,0.7760727479397556,7114
"Taiping, Taichung",0.2327,0.64,37.9974,54.1,0.7448185595235236,0.6878307516123199,0.6120082564351627,0.426731040129068,0.3032057532910775,0.31733356161033116,0.6100434449271659,0.8179986651175438,0.7810076297370578,0.7968157316829707,80906
"Tanzih, Taichung",0.2339,0.6441,38,57.2,0.7482175226586103,0.688627703969518,0.619907576310349,0.4344722183119834,0.31630552214770574,0.3109865470852018,0.6088096151387291,0.8171698814588411,0.7812046672973826,0.7968114187934309,48422
"Waipu, Taichung",0.1834,0.6705,39,54.3,0.7743298560676086,0.7035289426463747,0.6113706125717336,0.41554300896712054,0.26662631968260375,0.2760616461403863,0.606652103445846,0.8195900696746262,0.7846271457363264,0.8114720674187849,14783
"Wurih, Taichung",0.2447,0.6518,38,58.3,0.7380570695735813,0.6835154037338882,0.6073870609549412,0.442994763792056,0.3058357771260997,0.3176599396342546,0.5973585138554589,0.8095026905564425,0.7750788452207666,0.7877817354605047,33822
"Wuci, Taichung",0.2316,0.6472,37,57.1,0.7404849721415679,0.6676478668707563,0.5793842140626853,0.45295761527713085,0.3014073339940535,0.3137511396519602,0.6032649331228711,0.8077902442906024,0.7610648242227189,0.7882272526235374,25134
"Wufong, Taichung",0.2237,0.6535,39.6471,53.2,0.7599645984132503,0.6993628544122332,0.6113328012769353,0.4390174416764268,0.2874587352969456,0.3040268456375839,0.6050603559980904,0.8150715851928286,0.7788824816066813,0.7883435582822086,31012
"West, Taichung",0.3776,0.6428,41,65.5,0.6930805019555506,0.6528731780867817,0.6080694337928584,0.4443378296089901,0.3468571643136077,0.3596379206730769,0.5894844068327848,0.7964643869764609,0.7632355797242183,0.7744007670182167,52551
"Situn, Taichung",0.3524,0.6416,38,69.6,0.7020556907062621,0.6668029117521118,0.6138930134417006,0.409818269929731,0.3349620512013842,0.34824190730855187,0.6095706251795904,0.8181297351758744,0.7836576578384834,0.7968932271154671,101237
"Sinshe, Taichung",0.1573,0.6806,42.9147,53.3,0.7855538922155688,0.7268215021539615,0.630171449869549,0.4426350170208851,0.26221928665786,0.2841634130082849,0.6006919711000305,0.8136161815490873,0.7857434223944524,0.7971287128712872,10135
"Central, Taichung",0.2654,0.6517,42,54.3,0.7464358452138493,0.6970896093949451,0.6151102051216716,0.4883026381284221,0.31503856041131106,0.3206963249516441,0.570826536160957,0.7991659064251271,0.7632811454569784,0.7605726293669556,7673
"Bade, Taoyuan",0.2407,0.66,37.9495,60.8,0.7296437262120172,0.6742208565874459,0.599561038371301,0.42187734292997453,0.31986109526887446,0.33266578787264245,0.6016003562167683,0.7978452598287522,0.7780677156358726,0.79641483622848,77782
"Dasi, Taoyuan",0.2102,0.6605,39,57.4,0.7494445566552211,0.6841260949276838,0.6019623374300535,0.45254644256287124,0.3071975100505771,0.3201506102311088,0.5924514018438911,0.7930661460119786,0.764638346727899,0.7731512236600856,37901
"Dayuan, Taoyuan",0.2127,0.6618,37.3794,60.9,0.7375781598928093,0.672155017921147,0.5816366593751753,0.4668329456603985,0.3194827341196533,0.3261513907888737,0.5881863807798533,0.789861669946254,0.7559129612109745,0.7796530154608757,34049
"Fusing, Taoyuan",0.098,0.6911,38.5192,57,0.857703081232493,0.774018691588785,0.6605228512318977,0.3683459106669386,0.19236124925402825,0.19582089552238807,0.5740740740740741,0.8160593497708925,0.7862190812720848,0.7775325535201942,4583
"Guanyin, Taoyuan",0.19,0.6597,37.9009,59.1,0.7451177323959379,0.675645342312009,0.5771726010863005,0.463914839766256,0.3081266692102251,0.32415375788869766,0.5931138676844784,0.7938854489164087,0.7645534838076545,0.7776216680326269,25840
"Gueishan, Taoyuan",0.2552,0.6579,38,64.4,0.7074387782668806,0.6544164642720184,0.5867659806722959,0.453725001597342,0.3406904815882372,0.3624034140506288,0.5865405614259076,0.7896548883946957,0.758458599784071,0.7751036656161884,60705
"Longtan, Taoyuan",0.2638,0.6627,38.8536,63.1,0.759405734997074,0.7036022149911515,0.6464036857937022,0.36410796324655437,0.28708669315945834,0.30010830045640907,0.6304949706204561,0.8221536176947576,0.7944211608413728,0.8054071046840616,51179
"Lujhu, Taoyuan",0.2724,0.6694,37,72.1,0.7163930080616239,0.6701347539956126,0.6026021312993393,0.4429737968505678,0.3310628227882509,0.347203187250996,0.5907280390050409,0.7878406022420423,0.7596457729786674,0.7824764023622176,61105
"Pingjhen, Taoyuan",0.2698,0.6561,37.1218,64.2,0.738376325367938,0.6912514711651628,0.6132639681033656,0.39002250721929677,0.31087112414509105,0.31982967461020456,0.61585332077771,0.8117275235136955,0.7910492095448695,0.8028156707696676,92074
"Taoyuan, Taoyuan",0.3044,0.6527,38.1509,69.3,0.6962692802782232,0.6487667722936165,0.592146510476819,0.4327420755291438,0.345210982295112,0.36143249113981935,0.6026193643754619,0.7894865482986784,0.7680771290840921,0.7889433741973146,171837
"Sinwu, Taoyuan",0.1885,0.6792,41.23,57.8,0.7677346570397112,0.6924543721056933,0.5819668387155712,0.44321467293097216,0.28003496986150095,0.2965293845441925,0.5907291716343174,0.792634849960577,0.7578754061308094,0.779079576342675,21561
"Yangmei, Taoyuan",0.2561,0.665,37.3284,63.2,0.7564775191980773,0.6987918078679829,0.6239172745776814,0.3714686553939304,0.28931136207872704,0.31448778968907076,0.6226621982672083,0.8172207035084804,0.7908027442688288,0.807231118492222,66211
"Jhongli, Taoyuan",0.2925,0.6595,38,66.8,0.7246565386599146,0.6784117509363295,0.6144623719232128,0.38617984202509015,0.3160030132809766,0.3293448980195968,0.615143826613273,0.8101292506354121,0.7897250423268544,0.8083704438743404,166034
"Bali, New Taipei",0.2018,0.6459,40.9849,56.3,0.7202209414024976,0.6687721831197738,0.579055317608735,0.45510204081632655,0.3417898643304739,0.34671866431052345,0.5857846231536422,0.7840761575075724,0.7524808441150609,0.7744197592155889,16177
"Banciao, New Taipei",0.281,0.6403,40.3079,62.8,0.695120365883924,0.6549447162310617,0.6089095164425403,0.4744486368497851,0.3579670229674476,0.36527386598713274,0.5798941213519103,0.76965180801663,0.7497722197031016,0.7677945934662352,238604
"Danshuei, New Taipei",0.3185,0.6499,42.1609,64.8,0.6932187150689306,0.6564082120789316,0.5986532978139516,0.42104425131028994,0.3631502384095256,0.35895633364877655,0.5932588024002117,0.78675119822097,0.7702171406343341,0.7832241008977254,72399
"Gongliao, New Taipei",0.1225,0.7178,48,50.3,0.7547532578508865,0.6720674011665586,0.5773757628596339,0.5465520769388172,0.30562943262411346,0.3174389970897694,0.4960896216444726,0.7547901459854015,0.7309820193637621,0.7443800695249131,4384
"Jinshan, New Taipei",0.1572,0.6683,42.3189,49.5,0.7487253380625138,0.6763754045307443,0.588672446796532,0.4784060552092609,0.30867643638055364,0.37438480027469384,0.566736062919269,0.786525880867669,0.7583845886039224,0.7626099028227672,8713
"Linkou, New Taipei",0.3398,0.6642,38.2985,75.8,0.6830888994021762,0.6448141531971676,0.5934141964498065,0.42311977715877436,0.3557364593509172,0.36764962104712956,0.5988742046010769,0.7925499164394406,0.7684562273169868,0.794380194362605,45476
"Lujhou, New Taipei",0.2282,0.6213,38.7461,58.2,0.6923050147355719,0.6371868326779234,0.5817802226157942,0.5000934841544358,0.35945853445528897,0.37237649530813494,0.5758935192051016,0.7664545332862828,0.7454650264310156,0.7649810566837624,82181
"Pingsi, New Taipei",0.0875,0.7372,53.1061,52.3,0.8042704626334519,0.708032955715757,0.6340447683498178,0.5176767676767676,0.27952966328166756,0.29663774403470716,0.5928899082568807,0.7760869565217391,0.748876404494382,0.755011135857461,1840
"Pinglin, New Taipei",0.1374,0.7103,50,54.8,0.7725490196078432,0.693884892086331,0.6114876917588298,0.5331034482758621,0.30307467057101023,0.3292995966263293,0.5984405458089669,0.7950191570881227,0.76,0.7587412587412588,2610
"Rueifang, New Taipei",0.1462,0.6575,45,52.6,0.7440133655095601,0.6692512871409962,0.5959692288130205,0.45885471244529374,0.31449866224996814,0.33343949044585985,0.5929852637194105,0.7884168388429752,0.7675549503987551,0.7726150246945672,15488
"Sansia, New Taipei",0.2323,0.6446,39,59.5,0.7206241264940862,0.6623298222240727,0.6027968493323785,0.45195922800568133,0.3340292715846303,0.3467760794234571,0.5873475980793486,0.7796806143374493,0.7694132115249473,0.7773219273743017,45838
"Sanjhih, New Taipei",0.1784,0.6538,44.8386,49.7,0.7300021445421403,0.6510016242555495,0.5870679315232799,0.4606404626753775,0.33772942081547425,0.3530976393660645,0.5798472586344466,0.7841138247815371,0.7594908189703728,0.7599863434619324,8926
"Sanchong, New Taipei",0.2387,0.6232,41,57.5,0.692069012547736,0.6427150033355951,0.5858540593024124,0.5057576394530384,0.36312403109810826,0.37550659151255417,0.5711813306098985,0.7647139582636933,0.7401560020832576,0.7572809163037643,167528
"Shenkeng, New Taipei",0.2468,0.6301,43.1437,60.4,0.6980234260614934,0.6508924485125858,0.5880352876309501,0.45222697877766643,0.3508820798514392,0.35899581589958157,0.5929229277750848,0.7882432172407158,0.7678708685626441,0.7756385817765917,10394
"Shihding, New Taipei",0.1386,0.682,48,51.8,0.7533132530120482,0.6674772036474164,0.582360172095882,0.5086515513126492,0.32018927444794953,0.34445843828715367,0.5583250249252243,0.7663308417289568,0.7291734727213329,0.7412790697674418,3077
"Shihmen, New Taipei",0.1495,0.6697,42,51,0.7429406037000974,0.666077738515901,0.5854963344561125,0.45396641574985525,0.3140986290157561,0.3215885947046843,0.5806316670152688,0.7929631889363433,0.7595561035758323,0.7690578377273656,4917
"Shulin, New Taipei",0.237,0.6398,38.8538,58.5,0.7054362507589933,0.6511950636252122,0.5888687839271229,0.4720482285657696,0.34657914224392206,0.3552518783722455,0.5783061116965227,0.7790505053099277,0.7541350545918301,0.7667112643441568,77873
"Shuangsi, New Taipei",0.131,0.7033,51,53.1,0.7795580110497238,0.6992165640738668,0.5897720956086715,0.4741402653669104,0.2996863416025093,0.2955257908235965,0.603679906542056,0.7879746835443038,0.7615001464986815,0.7786480997969248,3476
"Taishan, New Taipei",0.2424,0.646,38.9774,62.5,0.7162213351204872,0.6639413671270477,0.6000411329180867,0.4543098427489808,0.3397638843684351,0.3500549140669061,0.5877653010858835,0.7892741226074559,0.7669634633097943,0.7844218350188863,32967
"Tucheng, New Taipei",0.2387,0.6284,39.3478,57.7,0.696763875823142,0.6468744970699889,0.5954326877387718,0.4632087995448511,0.35289666995489066,0.3631621574715082,0.5934407121971805,0.7809308952742816,0.7617800007939344,0.772877748876803,101064
"Wanli, New Taipei",0.1444,0.6933,45,50.7,0.7598633458232312,0.6998779540663486,0.6056181027756103,0.4637904468412943,0.28006347047489516,0.3005414122796913,0.5799976523066087,0.7916954221302047,0.763402181480622,0.7738287560581584,8694
"Wulai, New Taipei",0.1654,0.6714,39,61.6,0.7591397849462366,0.7126068376068376,0.6352561805804371,0.4243421052631579,0.29475982532751094,0.3024354780079971,0.6164931945556446,0.8151062155782848,0.7852614896988906,0.7900355871886121,2542
"Wugu, New Taipei",0.2031,0.6368,39,56.1,0.7149321266968326,0.6588855421686747,0.6023050847457627,0.4904472368598838,0.343120117987655,0.35423663491713925,0.5748447919061853,0.776709219858156,0.7518628912071535,0.7702522864342951,35250
"Sijhih, New Taipei",0.2803,0.6435,43,63.6,0.6865921156670055,0.6438181015852182,0.5932286387810183,0.4255582846970277,0.3629561730163277,0.3704915022779174,0.5992868312562195,0.7889898612344064,0.7714063585925812,0.7819473210002224,85612
"Sindian, New Taipei",0.3402,0.6502,45,66.6,0.7015984319355106,0.6687768827444814,0.6183403315994346,0.3684483653347172,0.33103231441048037,0.33971372557286506,0.6241665826649194,0.8127021989244624,0.7981311364730049,0.8021463971191215,140023
"Sinjhuang, New Taipei",0.2548,0.6315,38.6751,59.6,0.6974232623903937,0.6511422849949273,0.5911253245923971,0.4771819405151679,0.35828573590044255,0.3659127712404189,0.5841556894303825,0.7726663319521763,0.7508864802684848,0.7734887632368075,181249
"Yingge, New Taipei",0.2062,0.633,39,55.5,0.7166998282864073,0.65330529994812,0.5870122001597312,0.4766582085072713,0.3391357374504532,0.3546335723890632,0.5836210427760548,0.7741871135048873,0.7544757772957339,0.7767333563297689,35091
"Yonghe, New Taipei",0.3642,0.6435,43.8242,69.6,0.6930373530154632,0.6585333968307328,0.6134240150093808,0.38090477614171464,0.3413469237798272,0.3546503951562706,0.6133205651859525,0.8030335192296559,0.7850848579858034,0.7986398751613463,103642
"Jhonghe, New Taipei",0.2915,0.6425,42.3411,63.3,0.7025200810007444,0.6693155024858976,0.6177299149611596,0.40936061461437345,0.3391055843873003,0.34832009514505374,0.6084717543655864,0.7965741557974567,0.7828798465543225,0.7930856888831062,183546
"North, Hsinchu City",0.3194,0.6629,39,67.8,0.7105859212016451,0.6712478478928063,0.6095552142620532,0.4251856509761648,0.33374238705572223,0.3482719331560957,0.5915101014071221,0.7902529877386311,0.765184032199739,0.7881492113515454,64430
"East, Hsinchu City",0.4233,0.6719,37.3224,88.6,0.6797019053472649,0.6483694573677595,0.6063927445667201,0.4078258656367922,0.3639460325941758,0.36455817370301524,0.6032030926411708,0.7839954597048808,0.7639855529438744,0.7881658695825866,88100
"Siangshan, Hsinchu City",0.2756,0.666,38.2216,64.4,0.7298590273452981,0.67555871886121,0.6120559064795495,0.43510626207523584,0.32232649750897924,0.33396930014742865,0.6024299290268255,0.7990028863815272,0.7774105008411297,0.7908329660643455,34299
"Baoshan, Hsinchu County",0.2935,0.6792,42.9677,67.4,0.7361167962887161,0.6825924387203989,0.5962800875273523,0.38320967298708436,0.31320963721960676,0.36227253785247954,0.6056800342514628,0.8029207232267037,0.7804326311324756,0.7856843282538795,7190
"Beipu, Hsinchu County",0.167,0.6812,45,55.9,0.7708380139294541,0.7054054054054054,0.6126840317100792,0.36794582392776526,0.2796995903504779,0.3523657870791629,0.5956387769613652,0.8188556868195506,0.7804763027587833,0.7998122506453884,4317
"Emei, Hsinchu County",0.151,0.7197,50,55.7,0.796644984594317,0.7317753749564004,0.6439314445610353,0.38579387186629527,0.245808062789868,0.26681049982020855,0.5889593435285341,0.7970085470085471,0.7771303714493809,0.7851985559566786,2808
"Guansi, Hsinchu County",0.1874,0.6793,45,57.9,0.785070214338507,0.7166915052160954,0.6255430711610487,0.35695026962252846,0.27285735803584876,0.2845786963434022,0.5844501920213183,0.8138245347512343,0.7880560258580883,0.7883385966263575,13165
"Hengshan, Hsinchu County",0.1671,0.6848,46,67.4,0.7940899088337001,0.7288754764930114,0.5922330097087378,0.34613553404221553,0.2605905006418485,0.27876460233637385,0.5964999174508833,0.8131110754928674,0.7847482483298028,0.7908751420685176,6239
"Hukou, Hsinchu County",0.2379,0.6587,38,61.1,0.7608463161545799,0.7038500653784687,0.6170032687368667,0.3558341369334619,0.2871802411055572,0.3050758152333002,0.6005736714975846,0.8153978418119293,0.7888912215457518,0.8014252350440146,33732
"Jianshih, Hsinchu County",0.0847,0.6644,34,53.5,0.8610572259941804,0.7736486486486487,0.6902569074163839,0.39521674140508223,0.1907563025210084,0.20079185520361992,0.5702284946236559,0.806705439616832,0.7762213870857533,0.7562393162393163,2923
"Cyonglin, Hsinchu County",0.2466,0.6673,42.4538,61.5,0.7541067238036935,0.6979369803961819,0.6318828624458651,0.3511639937920331,0.2875701517356059,0.2987339123155802,0.5806381828015144,0.8010707537266428,0.7781090289608177,0.7858958068614994,9526
"Wufong, Hsinchu County",0.0644,0.7113,40,50.9,0.8379782711384034,0.7485822306238186,0.6422148603880738,0.34419109663409336,0.2061909758656873,0.20651013874066168,0.6115061409179057,0.789574062301335,0.7781329923273658,0.7538759689922481,1573
"Sinpu, Hsinchu County",0.2314,0.6739,43.4244,59.9,0.7702133094903564,0.7038018880124143,0.6161518661518661,0.3609380019274012,0.2801321928460342,0.29887218045112784,0.6180486180486181,0.8096019965847892,0.7852621760277168,0.7976955168531885,15226
"Sinfong, Hsinchu County",0.2563,0.6615,37.3995,64.1,0.7590870667793744,0.7012587525802404,0.6264531338915535,0.3736174365647365,0.29010881125746546,0.2990776798524288,0.5930796139419227,0.8087180125254033,0.7802899768859004,0.7956125379844315,24111
"Jhubei, Hsinchu County",0.433,0.7024,36,102.1,0.6907951349199214,0.6601029601029601,0.6137439532296868,0.395610118078971,0.351587744455547,0.3625650543146747,0.5982950313863177,0.8024968789013733,0.782520298194092,0.8027732334160114,76095
"Jhudong, Hsinchu County",0.2786,0.6617,39,66.1,0.7509957754978878,0.7010344325190617,0.6263867554190135,0.34293566275702997,0.29960380933631914,0.3090072805981897,0.6072029362287812,0.8131586158790264,0.7886574541053056,0.802123067657097,40141
"Datong, Yilan",0.0697,0.6981,36.6667,53.4,0.8713704994192799,0.8107633811055864,0.7461200585651537,0.3579447322970639,0.20615498702261773,0.1981238273921201,0.602267126663381,0.7877335888835649,0.77046783625731,0.76153091265947,2087
"Dongshan, Yilan",0.2062,0.6701,42,55.9,0.7315923566878981,0.6640796792135558,0.5705208558461206,0.527796581485869,0.3297318406664931,0.3506971507750931,0.6002266032177657,0.7841682127396413,0.7838166426512968,0.7728691155492154,22638
"Jiaosi, Yilan",0.195,0.6653,43,55.8,0.7380639509417434,0.6543660023888854,0.5726797303257514,0.5234365286584608,0.32627280847262985,0.34453943562383493,0.5947187141216992,0.7758011772400262,0.7669632186960563,0.7611354568644123,15290
"Luodong, Yilan",0.2527,0.6544,39,59.5,0.7164413706381642,0.6593226223919699,0.5918917205528084,0.49988968386547733,0.34547203077416255,0.36362467453148606,0.5859904678794388,0.7817945805614149,0.7723921309307323,0.7682280661834021,30815
"Nan-ao, Yilan",0.0811,0.6917,34.6591,55.4,0.8550777014817492,0.7996363636363636,0.6836991723641598,0.2588597842835131,0.18430034129692832,0.2048743335872049,0.6377245508982036,0.8238916256157636,0.8248235782482358,0.8028169014084507,2436
"Sansing, Yilan",0.1677,0.6852,46.3631,54.1,0.7279773750916518,0.6833175255559069,0.5871433117640819,0.539737532808399,0.31783369803063455,0.33913421796824017,0.5819615912208504,0.7756687756687757,0.760375438199706,0.7531943510423672,9009
"Su-ao, Yilan",0.1608,0.6793,44,55.4,0.7399474087871152,0.6758057296329454,0.5628126737076153,0.5243616963362187,0.32591674646538615,0.34507993695113715,0.6012563565659588,0.7840772703892096,0.7643068359714733,0.7580176620962119,17497
"Toucheng, Yilan",0.1633,0.6756,43,53.2,0.7430851475943286,0.6709777950915465,0.5848039981258785,0.4873936581593194,0.32570934528020123,0.34180211456525167,0.5811601471079907,0.7872750642673522,0.7688528617047409,0.7576540916067533,12448
"Wujie, Yilan",0.2051,0.6638,42.8032,55.9,0.7304061225629853,0.6646518916498769,0.5798185941043084,0.5133210968351967,0.3323600137409825,0.3532568362162471,0.5904114533205005,0.7838842735142044,0.7778694806343217,0.7701787174395515,17213
"Yilan, Yilan",0.2661,0.6401,40,61,0.7116877099501911,0.6588702559576346,0.5974633465208284,0.47606988522838156,0.3362612453070766,0.3536944883375392,0.5954228855721393,0.7873346848151366,0.7861891957956489,0.7783997286032761,41436
"Yuanshan, Yilan",0.1739,0.6639,43,54.5,0.7401197604790419,0.6608325779234363,0.5841298847343267,0.5219316743989878,0.33571068366832363,0.3362249692763681,0.5728581325533061,0.7815684536996013,0.7696768848384424,0.7606545184083302,13542
"Jhuangwei, Yilan",0.1678,0.6666,43.3551,55.2,0.739067674280377,0.6730044535799932,0.5981308411214953,0.5495142321459008,0.351128818061089,0.35018243303372787,0.5909004739336493,0.7800894242175381,0.7587523277467412,0.7533946960721771,10959
"Baojhong, Yunlin",0.1472,0.6924,45,56,0.7495896407076418,0.6715981735159817,0.5797579757975797,0.497273526824978,0.3096939710463625,0.32958939421837596,0.5967206714815537,0.7831023864511163,0.7493209157935584,0.7477652545666537,5196
"Beigang, Yunlin",0.1969,0.6675,43,58.8,0.7637183806315309,0.6903787398397417,0.6043638882475179,0.5085275724843661,0.3150555980467141,0.32480757844878627,0.6032918205144252,0.7834604821483063,0.7502946101842088,0.7646696631980789,16385
"Cihtong, Yunlin",0.1683,0.6827,42,54.6,0.7596169067595377,0.6866264294790343,0.5927464451190286,0.5149957155098543,0.30897873031336254,0.32795830279338706,0.5945945945945946,0.7733355498296068,0.7435941091342471,0.7422470767666497,12031
"Dapi, Yunlin",0.1521,0.6912,44,53.3,0.7862783810463968,0.6859771258080557,0.5848563968668408,0.5074408392290802,0.29831986661536486,0.32339449541284404,0.5908116796142513,0.7838722345856788,0.7569214465492118,0.732883954533439,7639
"Dongshih, Yunlin",0.1243,0.7213,47.1489,58.5,0.7779947916666666,0.6936463634871122,0.5945367780154681,0.5099967752337955,0.3009838252459563,0.2954202315047811,0.5964125560538116,0.793639699458326,0.7470137279372437,0.7630922693266833,5723
"Douliou, Yunlin",0.2586,0.6532,39.3626,60.2,0.7438735336654346,0.6843994514801969,0.6053434035420747,0.42860292643816394,0.3006657030597911,0.31604600889178935,0.6107718638409365,0.8059293044469783,0.7732467044101364,0.7945306105316179,48235
"Dounan, Yunlin",0.2178,0.6633,42,56.6,0.7612619081813394,0.6972445910546231,0.6080310508409603,0.4632936985510037,0.3078477767918762,0.3243496255419787,0.5826171975505583,0.7951298047896961,0.7612635674790088,0.7798428916157519,19876
"Erlun, Yunlin",0.1346,0.7055,45.5301,56.2,0.7665324899367453,0.6815647921760392,0.5879201169020944,0.5516576361465699,0.3009079118028534,0.32707480275641665,0.5900338552687262,0.7644568360181743,0.7374618862369887,0.7388528365082688,9684
"Gukeng, Yunlin",0.1675,0.6925,45,55.6,0.772899926953981,0.695236705813699,0.6078947368421053,0.4673308786369215,0.28368952211338677,0.3101907032181168,0.6089930036946781,0.7891879492277106,0.7661133193048086,0.7706227967097532,13078
"Huwei, Yunlin",0.2255,0.6667,40,63.5,0.7485432991762105,0.6767895145762254,0.5914817441821191,0.4455718027786067,0.301818922220714,0.3269394569179926,0.5991445375155944,0.7926859315054028,0.7639930345783432,0.7826951059374667,28411
"Kouhu, Yunlin",0.1193,0.7061,45,50.6,0.7994331601322626,0.7003603261900246,0.608526395746297,0.542896551724138,0.2823494917904613,0.2935689739813451,0.6098786102971955,0.7861842105263158,0.7523799560623496,0.7479412071301991,9728
"Linnei, Yunlin",0.1677,0.6691,42,52.5,0.7742958175832215,0.6945124938755513,0.6011567807039133,0.4599192265328601,0.3073354231974922,0.32037854889589906,0.5939570633448185,0.7948225041650647,0.7642679900744417,0.7657774886141835,7803
"Lunbei, Yunlin",0.1368,0.7004,44.7279,56.4,0.7727036844836533,0.6964229518514633,0.6012109823572398,0.5058787445046519,0.30818278427205104,0.31243219787372534,0.5888462406863851,0.7668032333074964,0.7408028625740802,0.7652992602555481,9031
"Mailiao, Yunlin",0.165,0.6721,37,62.8,0.7634189031505251,0.6914718665570304,0.5964141325364739,0.4395501405810684,0.29077508321445555,0.29577380237723616,0.5988254609749937,0.76790565571746106,0.740093896713615,0.7821880426693129,16196
"Shueilin, Yunlin",0.118,0.7134,48.2857,53.8,0.7930805791975241,0.6998553787963065,0.5921806167400882,0.570245334451667,0.31707594361073216,0.3082655049868165,0.5990479677773709,0.7862504468009055,0.7408754698678307,0.7509007926975738,8393
"Sihhu, Yunlin",0.1135,0.7222,47.804,55.2,0.7731362467866324,0.7061882475299012,0.5908018867924528,0.5171370967741935,0.27323717948717946,0.2945049039365847,0.5911641962872356,0.7815315315315315,0.74960607362842,0.761986792994545,7104
"Taisi, Yunlin",0.1291,0.719,45.5586,58.1,0.7833610648918469,0.7155708573967126,0.6132033176417844,0.4626044874615046,0.2617076766073251,0.28809496632804477,0.6174643770551699,0.7944570001189485,0.7598740004846135,0.7781945788964182,8407
"Tuku, Yunlin",0.1628,0.6915,42.2415,57.3,0.7602095982699826,0.6895264947342234,0.5951277079996629,0.49400281247415007,0.29988927689293926,0.326419120785318,0.5945799457994579,0.7839027826699542,0.7472635923201149,0.7607021314705356,11356
"Siluo, Yunlin",0.1791,0.6737,41,58,0.733918280463112,0.682814971006853,0.5911495155799947,0.5050900946757609,0.3078532346314773,0.331028522039758,0.5974943052391799,0.7903947005244273,0.7501545030619697,0.7749483442229296,18115
"Yuanchang, Yunlin",0.1205,0.7232,48,53.9,0.7813275769023206,0.6971999131756024,0.6014931832936594,0.5233122362869198,0.2866029771161964,0.30548684506408813,0.587192474674385,0.7734696275408295,0.737810707456979,0.7389907164960724,8511
"Beidou, Changhua",0.2102,0.6602,39.5115,55.7,0.7748503773093937,0.7161307327358988,0.6221652534016959,0.4514748784440843,0.2950148563882469,0.3215589934267313,0.5972154879822678,0.8064843644239881,0.7719165346739205,0.7832947898245137,14774
"Pusin, Changhua",0.1937,0.6621,40,52.1,0.7651502046935363,0.6896151390259476,0.5997558423439135,0.45724217844727694,0.2902604227490366,0.30872640130925244,0.6022975929978118,0.7877463017308498,0.7545124167171411,0.7724659606656581,16697
"Puyan, Changhua",0.1858,0.6764,41,51.9,0.790886899918633,0.7221975512275582,0.6212407197684661,0.40675078864353315,0.25104841784216547,0.2712380952380952,0.613592619632309,0.8156489286403706,0.7726917057902973,0.7936776375699233,15541
"Dacheng, Changhua",0.0886,0.7354,46.35,52.9,0.8042910447761195,0.7128637059724349,0.6152677554120775,0.45069637883008357,0.24115633320654242,0.26405353728489483,0.6104615384615385,0.8096284458649621,0.7737492404294106,0.7668477167571918,5006
"Dacun, Changhua",0.1978,0.6603,39.5842,53.5,0.7624544690389465,0.6911117462132038,0.6096616155861911,0.4442499858860724,0.27605537123898866,0.31446540880503143,0.600715137067938,0.8080614203454894,0.7755174243764373,0.7812334334688107,17193
"Erlin, Changhua",0.1596,0.6811,42,55.6,0.774554091184278,0.7106757524134015,0.6194785707586983,0.42962997483456056,0.2678605268144779,0.3053929268408777,0.5920167439079085,0.8104200362691761,0.7673499267935578,0.7748129184718393,20403
"Ershuei, Changhua",0.168,0.6888,46.3382,54.9,0.7774164173279563,0.7200422777117188,0.6561759283644983,0.4862862342389185,0.29692328362219533,0.2889754263461797,0.5786244292237442,0.7795610425240055,0.750140056022409,0.753470294280955,7290
"Fangyuan, Changhua",0.1132,0.7077,44.3386,50.7,0.7891253666240505,0.713182942366784,0.6101426307448494,0.4928608039833053,0.2511408579251597,0.2836846575554011,0.6016266775111834,0.8087497011714081,0.7720790795657105,0.7718754962680642,12549
"Fenyuan, Changhua",0.1653,0.6785,42.2467,50.5,0.7725718510304038,0.708019578313253,0.6113921678845794,0.4439160839160839,0.3084966088922381,0.29035949270525413,0.6045986046968654,0.8085642317380353,0.7708745548080728,0.7728289409705339,10322
"Fusing, Changhua",0.1875,0.6571,39,50.4,0.7734222828204129,0.7084294761647602,0.6316535510044479,0.49427480916030536,0.281907224183364,0.31708410098092915,0.5981636935991606,0.7963614126280385,0.7709697536638603,0.7714108398841539,19623
"Hemei, Changhua",0.2224,0.6507,38.1472,52.6,0.7471603373470482,0.6853590891397431,0.6016967800298281,0.4385532765895178,0.3055009823182711,0.3181907522971844,0.5928328778319839,0.810638616829902,0.7697052429344254,0.782093449496598,40024
"Huatan, Changhua",0.2131,0.6492,39.3824,51.7,0.7690727175272467,0.7106516853932584,0.6420747714311578,0.4434287289264551,0.2931058335254784,0.285688056550078,0.5870124823935111,0.8068246716162193,0.755829770695686,0.7784867387267272,21012
"Lugang, Changhua",0.2051,0.6559,38,52,0.7707419706456438,0.6963502526353587,0.6133384734001542,0.47968706056809757,0.28593359700249793,0.30003126139738445,0.5902289575183959,0.8069805324859134,0.7687449173217674,0.7868253499180614,37447
"Pitou, Changhua",0.1723,0.69,40.9029,54.6,0.7726345520163188,0.6775725998007815,0.6089728636964467,0.44972467375726033,0.28822016059873706,0.30394158291457285,0.6102301374318939,0.7825775085677851,0.7760845024995968,0.7903827440804412,12547
"Shetou, Changhua",0.2001,0.6615,40,52.4,0.7713888475098069,0.7087339743589743,0.5852548391937178,0.46836765144732917,0.28122628623463347,0.299033254036544,0.6076236735124861,0.7989245643968771,0.7687391964800168,0.7812191446240191,19341
"Shengang, Changhua",0.1853,0.6606,37.558,49.7,0.7558579448376861,0.6830337842010994,0.6017458057326812,0.43934365781710916,0.29033056828030207,0.307969439095596,0.6078481826954004,0.8338557993730408,0.7878999936382721,0.7916798581650099,15950
"Tianwei, Changhua",0.1812,0.6629,41,53.2,0.7711702046133804,0.6943025236104661,0.6177998294441429,0.4500227514030032,0.27916343919442294,0.3006063432835821,0.6063726285065673,0.8028224847379688,0.7781046271267292,0.78136,12613
"Tianjhong, Changhua",0.2078,0.6602,41.6825,56.5,0.7772181522181523,0.696741983632714,0.6263201066338563,0.44152016546018613,0.2730925790627283,0.303737580823214,0.5853618511022373,0.806236559139785,0.760998810939358,0.7630671408556956,18600
"Sihu, Changhua",0.2129,0.6537,38,55.6,0.7599297433236198,0.6908863517166256,0.6139144342263094,0.42868522722746644,0.2860712558439465,0.31131159478922243,0.6045412340676964,0.8064462946170967,0.7849484794126236,0.7864617940199335,24262
"Sijhou, Changhua",0.1499,0.6879,42.5978,53.9,0.7809920666720089,0.7013821138211382,0.5971234647705236,0.5017493638676844,0.31250515889393315,0.3131480713396931,0.577829983468198,0.792357667977432,0.7667043183595447,0.7653679653679654,11698
"Siansi, Changhua",0.1852,0.6608,39,49.4,0.7704835880731646,0.6995549904640814,0.6038383324860194,0.43562366536867225,0.32464212678936605,0.295246568378241,0.6117693522906793,0.8231107660455487,0.774180865006553,0.7795079822036116,7728
"Sioushuei, Changhua",0.2145,0.6556,38.0721,52.8,0.7584370414651378,0.6938350153576129,0.6155534822457603,0.4552165888611443,0.29466306087532423,0.3092189145739786,0.5859748029684174,0.8001567836944957,0.760605716878403,0.7724763406940063,17859
"Yongjing, Changhua",0.1963,0.6587,40,52.4,0.7705605908022827,0.69319669797893535,0.5993204983012458,0.45470461990285777,0.304029304029304,0.32417393299678754,0.5923086138732478,0.8015051740357478,0.7702282777578583,0.7733672503549456,17008
"Yuanlin, Changhua",0.2647,0.6491,39,58.4,0.74849744074477,0.6863039399624765,0.6073619631901841,0.4311016203994473,0.30449889608744435,0.31278893383415196,0.6022041261542512,0.7970026240898843,0.7691129785247433,0.7812308093120196,54114
"Changhua, Changhua",0.2759,0.6499,39,58.2,0.7406712416898992,0.6885189789043218,0.6224144483251597,0.4505823927765237,0.3185751330694691,0.3209848429643664,0.5857291765374775,0.7979602831082462,0.7630646631520585,0.775434626067277,107662
"Jhutang, Changhua",0.131,0.71,44.3878,56.3,0.7834094368340944,0.6804992199687987,0.5801915945611866,0.46541546844256093,0.2660021803457405,0.2875529744153194,0.6038274299143864,0.7928208490411408,0.7520399666944213,0.7542148760330578,6101
