site_id,juniorhigh_p,seniorhigh_p,associate_p,college_p,spouse_p,divorce_p,ever_married_p,age_20_p,age_20_40_p,avg_age,median_age,pr_avg_age,sign_p,vote07,vote08,vote09,vote10,vote11,vote12,vote13,vote14,vote15,vote16
高雄市阿蓮區,0.8108,0.5822,0.2655,0.1892,0.5005,0.0721,0.653,0.1712,0.3411,41.5144,41,0.4011,0.0281,0.2972,0.3675,0.6902,0.467,0.2228,0.2141,0.4884,0.5056,0.38,0.6939
高雄市大寮區,0.8337,0.6381,0.2735,0.1899,0.4738,0.1003,0.6452,0.1727,0.349,41.2052,41,0.3659,0.0228,0.2197,0.3833,0.5182,0.4295,0.1943,0.4469,0.6658,0.7479,0.6692,0.6989
高雄市大社區,0.8448,0.6548,0.2957,0.2114,0.4858,0.0969,0.6505,0.173,0.3461,41.5221,41.6988,0.4065,0.0362,0.5531,0.6864,0.4782,0.3984,0.1413,0.2642,0.3558,0.6582,0.5939,0.4647
高雄市大樹區,0.8162,0.6026,0.2577,0.1836,0.4862,0.0784,0.6456,0.159,0.3183,42.8125,43,0.5799,0.0265,0.2268,0.4441,0.3207,0.4353,0.1279,0.4156,0.533,0.3995,0.5693,0.3234
高雄市鳳山二,0.8582,0.689,0.3495,0.2457,0.4915,0.0941,0.6427,0.1542,0.3563,39.6611,39.8213,0.2249,NA,0.3936,0.3647,0.5058,0.446,0.4407,0.4517,0.398,0.5828,0.6046,0.3899
高雄市鳳山一,0.8773,0.7345,0.4029,0.287,0.4828,0.0956,0.6438,0.1586,0.3406,40.7611,40.8703,0.336,NA,0.5866,0.371,0.6647,0.4111,0.4374,0.1443,0.4081,0.6948,0.6657,0.4255
高雄市岡山區,0.8767,0.7044,0.3474,0.2472,0.4964,0.0844,0.6517,0.1664,0.3423,40.5224,40.063,0.3171,0.0275,0.2328,0.3886,0.5491,0.5183,0.2769,0.1308,0.6228,0.737,0.6707,0.4111
高雄市鼓山區,0.8804,0.7414,0.4451,0.3296,0.4921,0.0973,0.6528,0.1344,0.3192,40.573,41,0.3198,0.0319,0.4091,0.6734,0.6904,0.4372,0.3934,0.2221,0.5886,0.4126,0.7404,0.3974
高雄市湖內區,0.8307,0.6029,0.296,0.2056,0.5096,0.0787,0.6608,0.1545,0.3384,41.8029,41.7973,0.4472,0.025,0.5932,0.3856,0.4145,0.3272,0.2626,0.2969,0.6849,0.4127,0.7272,0.5999
高雄市茄萣區,0.7787,0.4867,0.2235,0.17,0.4801,0.0706,0.6351,0.1474,0.3237,42.8075,42.9426,0.5772,0.0274,0.5922,0.5126,0.3792,0.5015,0.1176,0.2164,0.422,0.7404,0.5514,0.636
高雄市甲仙區,0.716,0.4222,0.1437,0.0966,0.4643,0.111,0.6867,0.1317,0.2806,45.874,47,0.8753,0.0232,0.4113,0.6409,0.6907,0.4085,0.1728,0.2904,0.4222,0.4979,0.6689,0.5908
高雄市林園區,0.8107,0.5979,0.2508,0.1722,0.476,0.0936,0.6426,0.1649,0.3526,40.4575,40,0.3035,0.0289,0.5269,0.3784,0.4483,0.6754,0.2973,0.2036,0.4247,0.3347,0.6728,0.6471
高雄市苓雅區,0.8803,0.75,0.4436,0.3271,0.4787,0.0949,0.6432,0.1388,0.3085,43.7984,44,0.6992,0.0333,0.3827,0.6384,0.3777,0.587,0.3732,0.2651,0.5054,0.5882,0.6733,0.3557
高雄市六龜區,0.7194,0.4429,0.1426,0.0927,0.4482,0.1217,0.6791,0.1342,0.2616,46.2427,48,0.8835,0.0228,0.5572,0.4513,0.6988,0.5685,0.4622,0.3394,0.6931,0.5259,0.3363,0.4493
高雄市路竹區,0.8123,0.6334,0.3287,0.2323,0.528,0.064,0.667,0.1566,0.3399,40.9709,40.55,0.3469,0.0293,0.4247,0.6792,0.6832,0.6989,0.1907,0.3952,0.3101,0.5987,0.4996,0.4463
高雄市茂林區,0.8132,0.5513,0.1739,0.1057,0.3921,0.1033,0.5882,0.2243,0.3848,36.4449,36,0.019,0.0289,0.417,0.3098,0.3446,0.3221,0.4674,0.4388,0.4834,0.4955,0.675,0.4253
高雄市美濃區,0.8088,0.6426,0.2473,0.1569,0.5287,0.0875,0.7179,0.1332,0.2555,47.5694,50,0.9621,0.0235,0.3234,0.495,0.3782,0.6013,0.3911,0.2944,0.461,0.5562,0.4084,0.4251
高雄市彌陀區,0.7782,0.5655,0.2246,0.157,0.5063,0.075,0.6681,0.1514,0.3252,42.0798,42,0.4851,0.027,0.5034,0.6221,0.511,0.49,0.2835,0.4487,0.5546,0.7073,0.5972,0.528
高雄市那瑪夏區,0.7731,0.5145,0.1842,0.1287,0.4804,0.0717,0.6455,0.2055,0.4317,34.5635,33.6346,0.0027,0.0226,0.4346,0.3848,0.3347,0.6313,0.4583,0.2917,0.4675,0.3121,0.4793,0.6746
高雄市楠梓區,0.8847,0.7359,0.3979,0.2878,0.5003,0.0909,0.6492,0.1667,0.3671,39.075,38.9678,0.1626,0.0279,0.5847,0.6619,0.4683,0.4455,0.3924,0.4581,0.4219,0.7169,0.4677,0.5865
高雄市內門區,0.7523,0.4284,0.136,0.0943,0.5189,0.0861,0.707,0.1353,0.2662,46.6053,48,0.9133,0.0196,0.2692,0.467,0.4538,0.6375,0.1014,0.1835,0.5816,0.5766,0.3644,0.3205
高雄市鳥松區,0.8773,0.7406,0.4189,0.3158,0.5185,0.085,0.6603,0.1595,0.3294,43.0394,43.6907,0.6152,NA,0.4721,0.5774,0.5342,0.6329,0.4441,0.1798,0.3732,0.7392,0.4983,0.3837
高雄市旗津區,0.7577,0.5122,0.2151,0.1516,0.4529,0.1059,0.6362,0.1555,0.3353,42.1264,42,0.4878,0.026,0.403,0.3657,0.3434,0.4832,0.4004,0.1301,0.4506,0.5925,0.5068,0.3117
高雄市旗山區,0.7934,0.5793,0.2359,0.1643,0.475,0.0936,0.667,0.1453,0.2843,45.068,46.5377,0.8103,0.027,0.4945,0.4373,0.5156,0.5071,0.1805,0.4565,0.6917,0.6625,0.4146,0.463
高雄市前金區,0.8875,0.7659,0.4729,0.3525,0.4709,0.1025,0.6464,0.1243,0.2795,46.6482,48,0.916,0.0237,0.3299,0.3916,0.548,0.6746,0.1699,0.4807,0.5662,0.3138,0.7432,0.433
高雄市前鎮區,0.8487,0.6862,0.3656,0.2602,0.4737,0.0972,0.641,0.1448,0.3208,42.3673,42.3948,0.5122,0.024,0.5025,0.3757,0.3164,0.4117,0.376,0.4713,0.3805,0.486,0.4429,0.4078
高雄市橋頭區,0.8394,0.6899,0.3457,0.2513,0.5084,0.0773,0.6595,0.1592,0.3359,42.4536,42,0.5257,0.0276,0.2348,0.4434,0.6689,0.5213,0.1789,0.4963,0.5643,0.4708,0.401,0.4615
高雄市仁武區,0.8674,0.6985,0.3442,0.243,0.5133,0.0888,0.6553,0.1637,0.3664,39.2986,39.2143,0.1816,0.0375,0.3336,0.6008,0.5569,0.4229,0.189,0.3792,0.4686,0.5875,0.5554,0.3786
高雄市三民二,0.887,0.7454,0.4281,0.3097,0.4838,0.0974,0.6355,0.1562,0.3396,40.4569,40.782,0.3008,NA,0.216,0.5641,0.4414,0.457,0.2123,0.1775,0.4622,0.7441,0.6368,0.3712
高雄市三民一,0.8567,0.7125,0.4049,0.2946,0.4747,0.0931,0.6424,0.1318,0.2981,45.0604,45.8396,0.8022,NA,0.4281,0.4531,0.404,0.3041,0.2825,0.3283,0.5588,0.3512,0.4915,0.3985
高雄市杉林區,0.7576,0.4237,0.1371,0.0889,0.4676,0.1188,0.6998,0.1235,0.2504,47.2417,49,0.9458,0.0261,0.4001,0.5064,0.4355,0.5011,0.2536,0.1096,0.6001,0.4046,0.7198,0.5718
高雄市桃源區,0.7827,0.5057,0.1734,0.1254,0.4435,0.0947,0.6319,0.2044,0.4102,36.274,36,0.0163,0.0399,0.2115,0.6006,0.3116,0.6285,0.2261,0.1855,0.4627,0.4986,0.3656,0.6424
高雄市田寮區,0.7027,0.415,0.1395,0.0973,0.5291,0.0883,0.7386,0.1052,0.215,50.9411,52.6228,0.9946,0.0222,0.3165,0.3467,0.5237,0.6383,0.2982,0.3876,0.6672,0.4003,0.6578,0.3828
高雄市小港區,0.8513,0.6714,0.3268,0.2329,0.4965,0.0945,0.6499,0.1644,0.3663,39.7952,39.3147,0.2466,0.0326,0.354,0.6232,0.6429,0.564,0.4448,0.1789,0.4322,0.4786,0.53,0.5363
高雄市新興區,0.9032,0.7863,0.4862,0.3596,0.4768,0.0977,0.6459,0.1308,0.2892,45.1275,46,0.8157,0.0387,0.5871,0.6977,0.377,0.5741,0.4924,0.1137,0.3689,0.6753,0.5713,0.6035
高雄市鹽埕區,0.8531,0.7046,0.384,0.2732,0.444,0.1128,0.636,0.1347,0.2865,46.4624,48,0.9024,0.0377,0.373,0.6132,0.5879,0.4299,0.3167,0.1028,0.5958,0.6195,0.7071,0.4411
高雄市燕巢區,0.8136,0.5761,0.2522,0.1789,0.4944,0.0854,0.6613,0.1571,0.3237,43.1599,43,0.6341,0.0236,0.4093,0.6239,0.577,0.3127,0.4933,0.4617,0.4111,0.6404,0.7484,0.6565
高雄市永安區,0.8411,0.6156,0.2763,0.1972,0.5371,0.0718,0.6811,0.1592,0.345,41.293,41.0721,0.3821,0.0225,0.2673,0.4103,0.4896,0.5519,0.3064,0.202,0.3673,0.4773,0.3448,0.5484
高雄市梓官區,0.8006,0.6156,0.2679,0.1905,0.489,0.0801,0.6468,0.156,0.3366,41.7027,42,0.4336,0.0238,0.2971,0.3038,0.3552,0.4787,0.1065,0.1706,0.6282,0.4311,0.5078,0.6412
高雄市左營區,0.8953,0.7514,0.4319,0.3086,0.4888,0.0984,0.6476,0.1488,0.311,39.7601,41,0.2412,0.0342,0.4547,0.4684,0.5433,0.6162,0.3918,0.269,0.4355,0.7106,0.4677,0.6794
花蓮縣豐濱鄉,0.6902,0.3851,0.1043,0.0638,0.4124,0.1284,0.6721,0.1122,0.2518,47.0609,48.1364,0.9431,0.0189,0.3676,0.6899,0.5016,0.5484,0.4694,0.1699,0.3689,0.4421,0.3567,0.6429
花蓮縣鳳林鎮,0.7424,0.5278,0.2204,0.1439,0.4735,0.0996,0.6874,0.1279,0.2628,47.2537,49,0.9485,0.0221,0.2184,0.3162,0.5824,0.4094,0.1679,0.1251,0.5281,0.4895,0.5879,0.3558
花蓮縣富里鄉,0.6995,0.4124,0.1351,0.0906,0.4527,0.1083,0.6793,0.1228,0.2575,46.3868,48,0.8943,0.0178,0.2436,0.4294,0.5766,0.4154,0.22,0.1432,0.3098,0.5083,0.3169,0.6443
花蓮縣光復鄉,0.7772,0.5693,0.1759,0.119,0.427,0.1297,0.6645,0.1419,0.2774,46.425,48.2247,0.8997,0.0239,0.2915,0.6438,0.496,0.4132,0.3091,0.2507,0.5463,0.4627,0.4996,0.3809
花蓮縣花蓮市,0.8883,0.7269,0.3808,0.262,0.4633,0.1125,0.6446,0.1562,0.3267,40.4389,40.4204,0.2954,0.0336,0.2767,0.6238,0.5432,0.5445,0.1564,0.3102,0.399,0.4944,0.5716,0.305
花蓮縣吉安鄉,0.8702,0.685,0.33,0.2252,0.4703,0.1056,0.644,0.17,0.3409,41.6843,42,0.4282,0.0298,0.4949,0.469,0.3116,0.5434,0.4709,0.2153,0.5177,0.5044,0.4421,0.4342
花蓮縣瑞穗鄉,0.7336,0.4689,0.1755,0.1231,0.4433,0.1049,0.6604,0.1384,0.2844,45.5026,47,0.8509,0.0216,0.3544,0.4538,0.431,0.3113,0.1921,0.3836,0.4257,0.3327,0.4627,0.4175
花蓮縣壽豐鄉,0.7614,0.5288,0.2158,0.1497,0.4575,0.121,0.67490000000000006,0.1478,0.2913,44.7943,46,0.7778,0.0296,0.5349,0.5268,0.6731,0.511,0.1849,0.3799,0.4401,0.5372,0.6894,0.5951
花蓮縣萬榮鄉,0.8175,0.5287,0.1497,0.0957,0.3886,0.1187,0.6057,0.2238,0.4,36.8885,36,0.0298,0.0326,0.2759,0.6275,0.3877,0.5022,0.3648,0.2132,0.3915,0.7003,0.6842,0.682
花蓮縣新城鄉,0.8115,0.5912,0.2526,0.1692,0.4356,0.1282,0.6457,0.1656,0.3483,40.476,40.0094,0.30620000000000003,0.0263,0.2151,0.5151,0.3672,0.4586,0.2023,0.3422,0.575,0.6535,0.5688,0.3546
花蓮縣秀林鄉,0.7578,0.4759,0.1502,0.0995,0.3859,0.142,0.6103,0.2108,0.3868,35.7984,34.86,0.0108,0.0234,0.2481,0.3943,0.4485,0.641,0.3792,0.4856,0.3676,0.7354,0.6574,0.404
花蓮縣玉里鎮,0.7655,0.5009,0.206,0.1418,0.4178,0.1047,0.6319,0.1404,0.2845,44.407,46,0.7398,0.0229,0.5051,0.4451,0.6342,0.6535,0.1545,0.3808,0.6729,0.6426,0.4554,0.3264
花蓮縣卓溪鄉,0.7395,0.4628,0.154,0.102,0.4054,0.1003,0.6199,0.2035,0.3956,37.2877,36.6351,0.0461,0.0271,0.3255,0.3529,0.3188,0.3438,0.196,0.1865,0.4352,0.5105,0.3915,0.6577
基隆市安樂區,0.8818,0.711,0.3512,0.2366,0.4734,0.106,0.6408,0.1627,0.3206,41.5539,42,0.4092,0.0365,0.2008,0.6825,0.3099,0.4831,0.1667,0.1047,0.6065,0.424,0.3387,0.5766
基隆市暖暖區,0.8744,0.6861,0.328,0.2188,0.4667,0.1095,0.638,0.1713,0.3264,41.4626,42,0.393,0.0362,0.3814,0.4493,0.4721,0.5524,0.1188,0.3327,0.6434,0.5454,0.4828,0.3458
基隆市七堵區,0.8421,0.6375,0.313,0.2115,0.4767,0.098,0.6426,0.1639,0.3316,41.8261,42,0.4553,0.0303,0.4936,0.4231,0.4582,0.485,0.229,0.4177,0.6644,0.4088,0.6189,0.5265
基隆市仁愛區,0.8289,0.65,0.3184,0.2175,0.4641,0.109,0.6586,0.1303,0.2825,43.3959,44,0.6531,0.0299,0.2906,0.3883,0.3927,0.3906,0.3685,0.1132,0.4461,0.373,0.537,0.3441
基隆市信義區,0.8815,0.7081,0.3573,0.2502,0.4688,0.1001,0.6346,0.1679,0.3229,42.8446,43.5365,0.5881,0.0391,0.2263,0.4507,0.4248,0.6185,0.4645,0.3931,0.4268,0.5949,0.3063,0.5467
基隆市中山區,0.8314,0.619,0.2831,0.1911,0.4469,0.1117,0.6335,0.1669,0.3145,43.3647,44.0334,0.6477,0.0308,0.5237,0.5623,0.6432,0.349,0.173,0.1468,0.3264,0.6631,0.6151,0.3038
基隆市中正區,0.8423,0.6244,0.2906,0.2026,0.4498,0.1147,0.6409,0.1515,0.3099,43.8359,44.3246,0.7019,0.0305,0.3975,0.4846,0.3682,0.552,0.4116,0.2486,0.6103,0.7088,0.7477,0.3615
嘉義市東區,0.8839,0.7392,0.4258,0.2997,0.487,0.082,0.6366,0.1614,0.3249,41.006100000000004,41,0.3523,0.0356,0.5532,0.5479,0.5577,0.4958,0.1176,0.1173,0.3237,0.6525,0.5991,0.3569
嘉義市西區,0.8583,0.6895,0.3631,0.2482,0.4803,0.0906,0.6392,0.1603,0.3358,39.9055,39.8896,0.2575,0.0304,0.4807,0.3388,0.3662,0.5649,0.3598,0.4189,0.3872,0.6829,0.4678,0.6391
嘉義縣阿里山鄉,0.7684,0.4858,0.1626,0.1094,0.4912,0.0975,0.6877,0.1616,0.3267,41.2793,41.256100000000004,0.3794,0.0244,0.4326,0.6039,0.4356,0.345,0.3446,0.1507,0.4021,0.4986,0.3674,0.5553
嘉義縣布袋鎮,0.7248,0.4861,0.2058,0.1424,0.5156,0.0774,0.7004,0.1312,0.2869,45.725,46.3266,0.8672,0.017,0.3734,0.3719,0.3333,0.6203,0.199,0.4459,0.3011,0.5272,0.6678,0.4996
嘉義縣大埔鄉,0.7346,0.4757,0.1903,0.1327,0.5248,0.1015,0.7063,0.1425,0.3169,42.9882,43,0.6016,0.02,0.4342,0.398,0.4552,0.3793,0.4592,0.1487,0.3872,0.3849,0.3331,0.4626
嘉義縣大林鎮,0.7653,0.5635,0.2722,0.1899,0.5098,0.074,0.6781,0.1513,0.2905,44.7529,45.7189,0.7751,0.0329,0.2215,0.4834,0.692,0.6542,0.3149,0.1389,0.6974,0.5755,0.6647,0.3632
嘉義縣東石鄉,0.6638,0.4072,0.1499,0.1056,0.524,0.0802,0.7195,0.1116,0.2738,46.492,46.1766,0.9079,0.0116,0.4452,0.41,0.3992,0.5159,0.3926,0.4675,0.5624,0.3754,0.5509,0.5381
嘉義縣番路鄉,0.7511,0.5155,0.2094,0.145,0.5246,0.0869,0.7034,0.1427,0.2889,45.2362,46.6806,0.8238,0.0214,0.2151,0.6783,0.3762,0.6867,0.4988,0.2131,0.3301,0.3145,0.7261,0.3856
嘉義縣六腳鄉,0.6961,0.4654,0.1913,0.1309,0.517,0.0691,0.7085,0.1297,0.2555,48.3647,50,0.981,0.014,0.3469,0.441,0.6841,0.3315,0.1466,0.4478,0.3039,0.4501,0.5956,0.667
嘉義縣鹿草鄉,0.6992,0.4671,0.1978,0.1383,0.5317,0.0709,0.7153,0.1256,0.2636,48.2899,50,0.9783,NA,0.3087,0.5107,0.4183,0.3937,0.2532,0.2705,0.616,0.3993,0.4513,0.4859
嘉義縣梅山鄉,0.7204,0.5006,0.2157,0.1533,0.5284,0.0749,0.7027,0.1475,0.2865,46.0318,47,0.8808,0.0274,0.2455,0.6391,0.5616,0.3379,0.3275,0.3675,0.4204,0.3948,0.7182,0.6097
嘉義縣民雄鄉,0.8014,0.6085,0.2908,0.2044,0.4985,0.0794,0.6513,0.17,0.3358,41.8031,41.5077,0.4499,0.0303,0.212,0.4622,0.6537,0.5659,0.3872,0.2838,0.3171,0.3519,0.6808,0.3827
嘉義縣朴子市,0.7821,0.5742,0.2868,0.2045,0.5052,0.0721,0.6636,0.1468,0.306,42.2897,42,0.5014,0.0224,0.4744,0.51,0.585,0.6506,0.2432,0.1579,0.4718,0.6399,0.6624,0.5549
嘉義縣水上鄉,0.7991,0.5803,0.2514,0.1706,0.4776,0.0918,0.6579,0.1607,0.326,43.7355,44,0.6938,0.0232,0.5068,0.4985,0.6457,0.6898,0.2189,0.1829,0.5188,0.3233,0.5422,0.6821
嘉義縣太保市,0.8116,0.5894,0.2689,0.1898,0.5174,0.0763,0.6622,0.17,0.3382,39.8749,39.7135,0.2547,0.0244,0.4019,0.5194,0.503,0.505,0.1152,0.1636,0.6128,0.636,0.4652,0.4191
嘉義縣溪口鄉,0.6992,0.4751,0.2011,0.1366,0.5209,0.0711,0.6932,0.1466,0.2758,46.5423,47.9677,0.9106,0.0239,0.2678,0.4221,0.6358,0.392,0.2863,0.4013,0.6849,0.423,0.3276,0.6684
嘉義縣新港鄉,0.7414,0.5206,0.2324,0.1594,0.5211,0.0673,0.6817,0.1511,0.2937,44.2022,44.6019,0.729,0.0228,0.4595,0.4079,0.4747,0.5331,0.3241,0.3514,0.3103,0.3159,0.5336,0.3883
嘉義縣義竹鄉,0.69,0.4658,0.2081,0.1415,0.5309,0.0686,0.7216,0.1224,0.2557,48.5875,50,0.9837,0.0164,0.5426,0.4534,0.5693,0.4241,0.3849,0.3902,0.3723,0.3228,0.6808,0.3007
嘉義縣中埔鄉,0.7885,0.5629,0.2414,0.1639,0.4957,0.088,0.6687,0.1609,0.3333,43.3177,43,0.6369,0.0249,0.2255,0.5399,0.5744,0.6284,0.3215,0.3612,0.4777,0.4614,0.7463,0.3179
嘉義縣竹崎鄉,0.7486,0.5192,0.2113,0.1454,0.5192,0.0778,0.6882,0.1523,0.3069,44.5537,45.2546,0.7588,0.0185,0.3641,0.6764,0.4982,0.3632,0.2373,0.44,0.5142,0.7275,0.7446,0.5576
金門縣金城鎮,0.8784,0.724,0.4185,0.3139,0.5524,0.0749,0.6829,0.1715,0.3435,42.0166,42.848,0.477,0.0375,0.3255,0.5361,0.4043,0.5707,0.4979,0.2406,0.3471,0.6159,0.6878,0.305
金門縣金湖鎮,0.8646,0.7064,0.3906,0.2877,0.5537,0.0786,0.6851,0.1764,0.3653,41.4047,41.1175,0.3902,0.0382,0.2629,0.5076,0.4408,0.3171,0.2648,0.1942,0.3726,0.6291,0.7003,0.4161
金門縣金寧鄉,0.8701,0.7299,0.36,0.271,0.501,0.0684,0.6197,0.2335,0.383,39.726,39,0.2385,NA,0.506,0.6812,0.3952,0.3397,0.2454,0.3406,0.4562,0.5446,0.6356,0.458
金門縣金沙鎮,0.8383,0.6701,0.3532,0.2582,0.5607,0.0691,0.6966,0.1729,0.3294,43.5089,45,0.664,0.0259,0.4576,0.4331,0.336,0.5939,0.1109,0.4608,0.6567,0.6069,0.446,0.4285
金門縣烈嶼鄉,0.8239,0.6543,0.34,0.2467,0.5683,0.0696,0.7054,0.1715,0.3276,44.0753,45,0.7236,0.0297,0.5105,0.4424,0.6264,0.6096,0.1457,0.1045,0.6641,0.5853,0.6311,0.6608
金門縣烏坵鄉,0.89,0.731,0.3926,0.2369,0.5618,0.0761,0.6802,0.1777,0.3046,38.9518,41,0.1572,0.0169,0.5519,0.3903,0.6757,0.4669,0.303,0.1751,0.451,0.5441,0.3961,0.4661
連江縣北竿鄉,0.8139,0.6554,0.3622,0.277,0.5431,0.08,0.6811,0.1618,0.337,41.86,42.7333,0.4607,0.0309,0.5875,0.6215,0.6143,0.6323,0.3373,0.4357,0.499,0.4209,0.4936,0.596
連江縣東引鄉,0.8599,0.7045,0.3339,0.234,0.5286,0.0769,0.6456,0.2169,0.4261,37.9622,37.3333,0.0813,0.0307,0.3874,0.3372,0.3114,0.4734,0.2601,0.4297,0.3519,0.5039,0.5573,0.3678
連江縣莒光鄉,0.808,0.6553,0.3593,0.2587,0.5547,0.088,0.692,0.1833,0.3427,43.8431,45.2857,0.7046,0.0253,0.2944,0.5903,0.5147,0.5689,0.3284,0.19,0.5678,0.5603,0.6366,0.3853
連江縣南竿鄉,0.8463,0.6873,0.3887,0.2932,0.5259,0.0877,0.6589,0.1758,0.3594,39.7899,39.9167,0.2439,0.036,0.3779,0.4698,0.3946,0.6717,0.3107,0.1903,0.5767,0.319,0.7417,0.357
苗栗縣大湖鄉,0.7976,0.5787,0.2215,0.1546,0.5161,0.0786,0.6946,0.1573,0.2996,45.0363,46,0.7995,0.0483,0.459,0.3833,0.5124,0.6768,0.3278,0.46,0.5984,0.5092,0.342,0.6205
苗栗縣公館鄉,0.8584,0.6632,0.298,0.2101,0.5158,0.0718,0.6679,0.1728,0.3365,42.1502,41.9947,0.4932,0.0251,0.4078,0.5339,0.4467,0.3195,0.4274,0.2707,0.6788,0.3821,0.7406,0.6118
苗栗縣後龍鎮,0.7883,0.5393,0.2365,0.1713,0.5072,0.0729,0.6723,0.1617,0.3235,42.635,42.2734,0.5528,0.0259,0.5186,0.5424,0.5265,0.5593,0.1371,0.4944,0.6784,0.6946,0.7341,0.4755
苗栗縣苗栗市,0.8833,0.7186,0.3721,0.267,0.5029,0.0844,0.6595,0.163,0.3369,41.7013,41,0.4309,0.022,0.2658,0.3468,0.6084,0.3108,0.4506,0.4069,0.3279,0.3122,0.331,0.5185
苗栗縣南庄鄉,0.7886,0.4874,0.1821,0.1196,0.4726,0.1027,0.692,0.1385,0.2793,44.881,46,0.7832,0.0232,0.5815,0.6008,0.3495,0.4281,0.4184,0.4399,0.3561,0.5889,0.3398,0.368
苗栗縣三灣鄉,0.7838,0.5586,0.2347,0.1648,0.5426,0.0694,0.7085,0.1431,0.2837,45.6767,47,0.8591,0.0264,0.5288,0.6529,0.6651,0.6854,0.3458,0.3371,0.6028,0.4497,0.6655,0.5949
苗栗縣三義鄉,0.8278,0.6221,0.2783,0.1958,0.524,0.0745,0.6713,0.173,0.3361,42.5045,42.1593,0.5339,0.0193,0.3476,0.6506,0.5203,0.6213,0.4834,0.2167,0.3665,0.3097,0.4456,0.5906
苗栗縣獅潭鄉,0.7386,0.5621,0.1717,0.1064,0.5171,0.0947,0.7297,0.1105,0.2388,49.9143,52,0.9892,0.0206,0.4966,0.5086,0.588,0.3105,0.2591,0.2787,0.5558,0.413,0.6388,0.5424
苗栗縣泰安鄉,0.8058,0.4488,0.1369,0.0838,0.4842,0.1297,0.7135,0.1621,0.3241,41.1299,42,0.3604,0.0403,0.5455,0.4454,0.6485,0.435,0.4968,0.1748,0.3347,0.3988,0.56,0.4132
苗栗縣通霄鎮,0.7635,0.5268,0.2312,0.1675,0.5182,0.0637,0.6754,0.158,0.3189,44.0732,44,0.7209,0.023,0.5436,0.585,0.6894,0.4,0.3032,0.3246,0.4092,0.7098,0.5403,0.3331
苗栗縣銅鑼鄉,0.8398,0.6449,0.2748,0.1883,0.5198,0.0737,0.6789,0.1657,0.321,43.7008,44,0.6883,0.0231,0.2305,0.5486,0.3715,0.6924,0.4383,0.1376,0.4709,0.562,0.7024,0.3304
苗栗縣頭份市,0.8812,0.6927,0.3529,0.2543,0.5281,0.0828,0.671,0.1672,0.3697,38.7803,38,0.1382,0.0184,0.291,0.3825,0.3454,0.5563,0.3111,0.4243,0.5141,0.4448,0.3205,0.6715
苗栗縣頭屋鄉,0.8171,0.6184,0.2596,0.1828,0.5241,0.08,0.6907,0.1505,0.3173,44.5087,44.86,0.7534,0.0111,0.3452,0.5278,0.463,0.594,0.2524,0.1303,0.6163,0.6429,0.3436,0.6524
苗栗縣西湖鄉,0.7834,0.5678,0.2227,0.1519,0.539,0.0679,0.7132,0.1418,0.2761,47.6961,49,0.9648,0.046,0.209,0.4469,0.3967,0.4151,0.2503,0.1475,0.4355,0.3738,0.3632,0.4527
苗栗縣苑裡鎮,0.7953,0.5474,0.2412,0.1747,0.5219,0.0608,0.6652,0.1751,0.342,41.8384,41,0.458,0.0217,0.4109,0.5941,0.4908,0.3581,0.2357,0.3573,0.4842,0.3807,0.6208,0.3631
苗栗縣造橋鄉,0.8289,0.6151,0.2623,0.1914,0.5207,0.0747,0.6824,0.1608,0.3313,43.3301,43,0.6423,0.0328,0.274,0.6032,0.5731,0.5086,0.2517,0.1834,0.5383,0.592,0.6263,0.351
苗栗縣竹南鎮,0.871,0.6807,0.3682,0.2757,0.5304,0.078,0.6678,0.1629,0.3718,37.9212,37.7051,0.0759,0.0238,0.5007,0.4774,0.6449,0.4946,0.2161,0.4929,0.466,0.4302,0.4186,0.684
苗栗縣卓蘭鎮,0.7844,0.5599,0.2337,0.1695,0.5289,0.0711,0.6887,0.1507,0.3294,44.6844,44.9157,0.7696,0.0343,0.5412,0.5395,0.3664,0.5974,0.1444,0.4012,0.6344,0.5464,0.5372,0.3819
南投縣埔里鎮,0.8257,0.5739,0.2589,0.1802,0.4655,0.102,0.6484,0.1582,0.3159,42.4692,42.9468,0.5285,0.0206,0.2922,0.3169,0.5012,0.4408,0.1899,0.3252,0.4872,0.4442,0.6182,0.6607
南投縣草屯鎮,0.8447,0.6438,0.3369,0.2276,0.5075,0.0742,0.653,0.1693,0.3395,41.666,41,0.4228,0.0219,0.4322,0.6607,0.4403,0.678,0.3219,0.2696,0.5848,0.447,0.3188,0.5016
南投縣國姓鄉,0.7355,0.4574,0.1752,0.1183,0.4866,0.0927,0.6911,0.1454,0.2779,45.7209,47.4924,0.8645,0.0158,0.4638,0.6462,0.344,0.4245,0.3839,0.2338,0.3209,0.4392,0.6107,0.5579
南投縣集集鎮,0.7994,0.5331,0.2373,0.1605,0.5144,0.0787,0.6932,0.1492,0.2921,45.4355,46.3654,0.8401,0.0224,0.5573,0.6808,0.4015,0.4968,0.3744,0.1455,0.4471,0.6741,0.6381,0.5471
南投縣鹿谷鄉,0.773,0.5413,0.2334,0.161,0.5481,0.0659,0.715,0.1454,0.2947,46.6512,48,0.9187,0.0167,0.406,0.4347,0.4569,0.4011,0.437,0.3343,0.5916,0.5649,0.3272,0.5092
南投縣名間鄉,0.7802,0.5533,0.244,0.1629,0.5176,0.0704,0.6763,0.1599,0.3133,43.6747,44,0.6829,0.0169,0.4114,0.4589,0.3468,0.5075,0.3751,0.3701,0.6858,0.6132,0.6911,0.3065
南投縣南投市,0.8611,0.6782,0.3655,0.2528,0.5025,0.0717,0.649,0.1718,0.339,41.6689,41,0.4255,0.0231,0.3548,0.5113,0.6464,0.4803,0.4643,0.1569,0.5555,0.5321,0.7057,0.6965
南投縣仁愛鄉,0.8032,0.5129,0.1489,0.0946,0.4849,0.1138,0.69,0.1798,0.3627,37.4001,37,0.0488,0.0172,0.5411,0.312,0.5018,0.5599,0.1303,0.3812,0.3516,0.7219,0.5596,0.5057
南投縣水里鄉,0.7798,0.5065,0.2132,0.1431,0.4841,0.0886,0.6778,0.1453,0.2925,45.4311,47,0.8374,0.0154,0.442,0.3215,0.6254,0.5032,0.2422,0.2288,0.554,0.7483,0.6562,0.4088
南投縣信義鄉,0.7869,0.468,0.1587,0.1121,0.4859,0.0722,0.6519,0.2052,0.382,38.339,37,0.0921,0.0179,0.5379,0.3166,0.4253,0.3148,0.4323,0.4477,0.3568,0.4196,0.7069,0.3412
南投縣魚池鄉,0.7523,0.4905,0.1963,0.1343,0.4997,0.0891,0.6876,0.1391,0.2826,45.5308,46.463,0.8564,0.0111,0.4002,0.5531,0.3654,0.6319,0.1447,0.2941,0.4474,0.5284,0.3755,0.6834
南投縣中寮鄉,0.7421,0.4847,0.1818,0.1197,0.5169,0.0801,0.7091,0.1297,0.2629,46.7361,48.5848,0.9214,0.0074,0.4175,0.5908,0.4908,0.4325,0.1593,0.4432,0.5691,0.7331,0.3389,0.3922
南投縣竹山鎮,0.7719,0.5457,0.2468,0.17,0.5106,0.0837,0.6801,0.1498,0.3157,43.3241,43.0767,0.6396,0.0186,0.2337,0.3113,0.4904,0.4699,0.3098,0.3256,0.4242,0.4715,0.5674,0.4331
澎湖縣白沙鄉,0.7586,0.5048,0.2135,0.1569,0.514,0.088,0.6915,0.1561,0.3162,43.5731,43.8274,0.6694,0.0216,0.2142,0.6344,0.3556,0.4233,0.358,0.1113,0.4772,0.6342,0.6994,0.4794
澎湖縣湖西鄉,0.7641,0.5398,0.2391,0.1718,0.4835,0.0923,0.6621,0.1622,0.3365,43.464,43,0.6558,0.0199,0.4768,0.6711,0.48,0.4967,0.1721,0.2104,0.6639,0.6571,0.3114,0.5741
澎湖縣馬公市,0.8485,0.6703,0.3298,0.246,0.473,0.0843,0.6237,0.1901,0.3693,40.3358,39,0.2846,0.0302,0.2874,0.6012,0.4995,0.6427,0.1812,0.2494,0.6905,0.7432,0.6967,0.6678
澎湖縣七美鄉,0.7208,0.4723,0.2192,0.1682,0.519,0.0789,0.6877,0.1615,0.3578,42.578,42,0.5447,0.0162,0.5981,0.5021,0.4157,0.3838,0.2585,0.3865,0.4663,0.7024,0.5291,0.497
澎湖縣望安鄉,0.6622,0.4588,0.2124,0.1587,0.5399,0.066,0.6912,0.1376,0.2916,44.9992,46,0.7967,0.0166,0.4527,0.5122,0.4604,0.5839,0.1747,0.214,0.5687,0.6067,0.4406,0.6985
澎湖縣西嶼鄉,0.6515,0.4228,0.1845,0.1365,0.5178,0.0859,0.7038,0.1392,0.3028,44.9535,45.1102,0.7886,0.0147,0.3137,0.3571,0.6268,0.4166,0.2078,0.3132,0.5994,0.3133,0.6044,0.5474
屏東縣潮州鎮,0.8439,0.6557,0.3008,0.2081,0.4723,0.0969,0.6446,0.1625,0.3282,42.0372,42,0.4797,0.0244,0.5517,0.4916,0.3461,0.5678,0.2587,0.1408,0.5341,0.3214,0.701,0.4936
屏東縣車城鄉,0.729,0.4569,0.16,0.104,0.4425,0.1092,0.6773,0.1262,0.2588,45.8947,47,0.878,0.0307,0.5329,0.6868,0.6218,0.3765,0.3588,0.34,0.6436,0.6596,0.3522,0.622
屏東縣春日鄉,0.6515,0.3804,0.1166,0.0735,0.4161,0.1337,0.651,0.1834,0.3821,37.9049,36.8636,0.0705,0.0034,0.2622,0.3218,0.581,0.4698,0.1148,0.4767,0.5043,0.4622,0.6144,0.5889
屏東縣東港鎮,0.8,0.5803,0.2547,0.1727,0.498,0.0782,0.6486,0.1607,0.3424,40.0642,40,0.2764,0.0634,0.528,0.3688,0.5837,0.305,0.1146,0.4725,0.5668,0.6044,0.5572,0.5071
屏東縣枋寮鄉,0.7626,0.5125,0.1984,0.1369,0.481,0.1006,0.678,0.1467,0.3006,44.3529,45,0.7371,0.01,0.3683,0.3813,0.4911,0.3752,0.317,0.3114,0.5912,0.389,0.5089,0.6156
屏東縣枋山鄉,0.7223,0.4511,0.1425,0.0893,0.4481,0.1229,0.6871,0.1376,0.2768,44.1105,45,0.7263,0.0095,0.4539,0.3303,0.5401,0.3019,0.1892,0.2803,0.5966,0.3488,0.3093,0.472
屏東縣高樹鄉,0.7268,0.4997,0.1733,0.1118,0.502,0.0928,0.7027,0.1282,0.2606,46.8363,48.9268,0.9322,0.0115,0.4353,0.3201,0.3701,0.4705,0.2943,0.3918,0.357,0.5156,0.42,0.5041
屏東縣恆春鎮,0.8102,0.5235,0.2056,0.1403,0.4654,0.1103,0.668,0.1613,0.3291,40.7404,40.9979,0.3333,0.0143,0.3242,0.6915,0.6869,0.5869,0.3845,0.1472,0.3891,0.448,0.6481,0.6404
屏東縣佳冬鄉,0.7605,0.5559,0.2109,0.1378,0.4934,0.086,0.6795,0.1468,0.2947,45.4504,46.1159,0.8428,0.0131,0.357,0.3471,0.3963,0.4499,0.3046,0.459,0.6,0.3971,0.5552,0.3769
屏東縣九如鄉,0.809,0.5833,0.2423,0.1676,0.496,0.0837,0.6586,0.1694,0.3384,42.0556,42,0.4824,0.0142,0.4506,0.6808,0.6143,0.4771,0.1132,0.4637,0.5197,0.6562,0.3513,0.516
屏東縣崁頂鄉,0.7914,0.5702,0.2397,0.1641,0.4875,0.0786,0.6539,0.1665,0.326,39.7125,39.1694,0.2331,0.0124,0.4279,0.4875,0.3484,0.4745,0.2237,0.1558,0.3698,0.5334,0.3876,0.5336
屏東縣來義鄉,0.6908,0.4337,0.14,0.0902,0.457,0.1155,0.6597,0.1794,0.3564,39.5151,39.8889,0.2087,0.0348,0.3764,0.456,0.6654,0.3591,0.4239,0.1187,0.5448,0.3752,0.404,0.4071
屏東縣里港鄉,0.8339,0.6217,0.2608,0.1794,0.5158,0.0785,0.6763,0.1686,0.3464,41.7936,41,0.4444,0.0205,0.3091,0.5513,0.6713,0.3906,0.252,0.2226,0.6055,0.5423,0.7411,0.6037
屏東縣林邊鄉,0.7766,0.5454,0.2295,0.1524,0.5087,0.0823,0.6814,0.1461,0.3023,44.5674,45,0.7615,0.0106,0.3173,0.6906,0.5887,0.6574,0.4501,0.2306,0.5507,0.4646,0.6859,0.3063
屏東縣麟洛鄉,0.8673,0.7246,0.3401,0.2264,0.509,0.0809,0.6674,0.1549,0.3067,45.3758,46.3476,0.832,0.0155,0.3251,0.3404,0.6089,0.4144,0.417,0.1894,0.3236,0.5125,0.3329,0.4398
屏東縣琉球鄉,0.678,0.3936,0.1784,0.1247,0.5443,0.0723,0.6973,0.1406,0.331,42.1398,42,0.4905,0.0251,0.5415,0.5495,0.6389,0.6936,0.1189,0.2532,0.559,0.4497,0.3848,0.6763
屏東縣瑪家鄉,0.7691,0.5218,0.1653,0.1019,0.4322,0.1122,0.6425,0.1689,0.3692,39.1887,38.7727,0.1707,0.0133,0.4628,0.6393,0.5159,0.6253,0.3403,0.2893,0.4528,0.5798,0.6994,0.357
屏東縣滿州鄉,0.7463,0.4448,0.1472,0.0951,0.4273,0.1343,0.6733,0.1428,0.282,44.876,46.0776,0.7805,0.0095,0.5631,0.325,0.5988,0.5009,0.1541,0.4753,0.3783,0.6935,0.5503,0.6846
屏東縣牡丹鄉,0.7692,0.5104,0.1738,0.1127,0.4375,0.1245,0.6708,0.1708,0.3617,41.2625,41,0.374,0.0583,0.4549,0.4226,0.4371,0.5039,0.3944,0.1542,0.4961,0.4376,0.417,0.5816
屏東縣南州鄉,0.782,0.579,0.2416,0.1557,0.5026,0.079,0.6776,0.147,0.3003,45.5301,46.05,0.8537,0.0369,0.3946,0.4128,0.6354,0.3742,0.211,0.4468,0.5221,0.7497,0.3006,0.5816
屏東縣內埔鄉,0.8303,0.6477,0.2825,0.1864,0.473,0.098,0.6563,0.1616,0.3125,43.8485,44.5186,0.7073,0.0137,0.3204,0.3211,0.5369,0.6684,0.1115,0.1376,0.52,0.7074,0.557,0.4239
屏東縣屏東市,0.8724,0.7243,0.3835,0.2684,0.4721,0.0919,0.6363,0.1615,0.3299,41.7741,42,0.4417,0.0201,0.5354,0.6837,0.378,0.3313,0.3539,0.2367,0.5666,0.5113,0.7296,0.628
屏東縣三地門鄉,0.752,0.4718,0.1436,0.0968,0.4251,0.1239,0.6484,0.1748,0.3719,38.9323,38.5952,0.1491,0.0098,0.2611,0.6038,0.3635,0.6514,0.3463,0.4137,0.4375,0.5714,0.3124,0.3299
屏東縣獅子鄉,0.7538,0.4472,0.1268,0.0747,0.4506,0.1242,0.6803,0.1784,0.3493,40.0245,40,0.2683,0.0033,0.3929,0.4772,0.5696,0.417,0.412,0.3281,0.6396,0.6969,0.3739,0.406
屏東縣泰武鄉,0.7605,0.486,0.1372,0.0814,0.4666,0.1109,0.6635,0.1878,0.3806,37.5414,37,0.0515,0.0176,0.5867,0.3418,0.4823,0.4194,0.2586,0.1104,0.6498,0.5001,0.6081,0.32
屏東縣萬丹鄉,0.8086,0.6164,0.2556,0.1786,0.509,0.0722,0.6575,0.1717,0.3413,41.7056,41.0014,0.4363,0.025,0.3107,0.601,0.4642,0.3751,0.4504,0.3161,0.3952,0.5397,0.5701,0.5056
屏東縣萬巒鄉,0.8092,0.5835,0.2264,0.1528,0.4865,0.0928,0.6726,0.151,0.2974,44.2098,45,0.7317,0.0093,0.364,0.5731,0.4237,0.6556,0.1845,0.3964,0.4102,0.5821,0.6076,0.6272
屏東縣霧臺鄉,0.7436,0.5194,0.1757,0.1203,0.4703,0.0928,0.6586,0.1736,0.3362,41.9468,42.2391,0.4688,0.0419,0.4871,0.484,0.6512,0.3885,0.4456,0.3437,0.6753,0.5719,0.5523,0.3411
屏東縣新埤鄉,0.7703,0.5451,0.1736,0.1089,0.4876,0.1024,0.692,0.1397,0.2823,45.8665,47.3831,0.8726,0.0163,0.373,0.6816,0.6632,0.4759,0.4798,0.2828,0.6348,0.5457,0.5754,0.4703
屏東縣新園鄉,0.8025,0.5399,0.2209,0.1492,0.4965,0.0756,0.6596,0.1641,0.3358,42.6963,42,0.5583,0.0443,0.5455,0.338,0.5402,0.3117,0.1183,0.3658,0.6335,0.6509,0.5317,0.5157
屏東縣鹽埔鄉,0.7762,0.5421,0.2132,0.1455,0.4934,0.0869,0.6629,0.1668,0.3322,42.7166,42.5909,0.561,0.0312,0.4666,0.4073,0.4678,0.6919,0.2842,0.3307,0.4298,0.517,0.5263,0.3904
屏東縣長治鄉,0.8252,0.6394,0.2917,0.2042,0.4963,0.0844,0.6566,0.166,0.3271,43.4714,44,0.6585,0.0195,0.2335,0.3947,0.3012,0.6414,0.1278,0.3689,0.3182,0.3555,0.4984,0.5647
屏東縣竹田鄉,0.8182,0.652,0.2581,0.1713,0.4978,0.0869,0.6755,0.1502,0.2968,45.4719,47,0.8455,0.0441,0.5521,0.4865,0.3951,0.6511,0.1284,0.3509,0.4369,0.344,0.6252,0.6701
臺北市北投區,0.8869,0.7557,0.487,0.3664,0.5309,0.0749,0.6646,0.1367,0.3293,41.5722,41.2402,0.4119,0.0425,0.373,0.4383,0.3147,0.3082,0.1556,0.2572,0.656,0.5536,0.6603,0.354
臺北市大安區,0.9441,0.8605,0.6445,0.5283,0.5564,0.0636,0.6782,0.1177,0.2792,42.8763,43.4713,0.5908,0.052,0.5633,0.6994,0.5728,0.6111,0.3678,0.4856,0.3278,0.6863,0.4252,0.3877
臺北市大同區,0.8785,0.7384,0.4483,0.3297,0.5128,0.0823,0.6558,0.1288,0.3246,42.3179,42,0.5041,0.0417,0.2132,0.4003,0.5075,0.3393,0.4508,0.4184,0.5811,0.6734,0.6125,0.461
臺北市南港區,0.8806,0.7508,0.4768,0.3563,0.5327,0.0753,0.6679,0.139,0.3447,40.9692,40.72,0.3442,0.0459,0.2355,0.6775,0.409,0.4775,0.377,0.3561,0.5165,0.4942,0.4411,0.3223
臺北市內湖區,0.918,0.8057,0.5448,0.4137,0.5443,0.0689,0.6606,0.1511,0.3498,39.8441,39.9311,0.2493,0.0498,0.4934,0.4837,0.4125,0.3464,0.3119,0.3209,0.4669,0.3433,0.4906,0.4649
臺北市士林區,0.8858,0.762,0.4924,0.3734,0.5318,0.0703,0.6621,0.1354,0.3223,42.4423,42,0.5203,0.0416,0.4171,0.3479,0.6117,0.5852,0.4537,0.4494,0.3722,0.5373,0.6907,0.4198
臺北市松山區,0.9374,0.8466,0.6101,0.4795,0.551,0.0658,0.6747,0.1231,0.2912,42.4282,43,0.5176,0.0519,0.4855,0.5475,0.3241,0.5567,0.2038,0.3703,0.5144,0.5201,0.3325,0.4682
臺北市萬華區,0.8527,0.6954,0.4018,0.2926,0.4862,0.1001,0.6589,0.1294,0.3201,43.7099,43.5458,0.6911,0.0399,0.45,0.4771,0.6408,0.4046,0.4927,0.2969,0.6002,0.6977,0.3148,0.5019
臺北市文山區,0.9152,0.8045,0.5471,0.4236,0.5374,0.0712,0.6654,0.1382,0.3187,41.2471,41.4738,0.3713,0.0531,0.4013,0.6641,0.5337,0.3515,0.3228,0.1345,0.3805,0.3834,0.6744,0.6813
臺北市信義區,0.909,0.8066,0.5439,0.4174,0.5327,0.072,0.6663,0.1316,0.3168,43.1235,43,0.626,0.0532,0.3175,0.4748,0.3467,0.6826,0.1714,0.2408,0.6878,0.3506,0.5431,0.6401
臺北市中山區,0.9148,0.8061,0.5431,0.4182,0.5129,0.0899,0.6584,0.1244,0.3115,43.0441,43.1065,0.6179,0.0468,0.593,0.3858,0.3976,0.6717,0.1631,0.3685,0.3161,0.626,0.6756,0.5262
臺北市中正區,0.9291,0.8264,0.5922,0.4746,0.5518,0.0675,0.6763,0.1213,0.3009,41.5128,41.6247,0.3984,0.0523,0.3882,0.3188,0.4722,0.5023,0.2022,0.4777,0.3679,0.4284,0.5883,0.4034
臺東縣卑南鄉,0.7531,0.4987,0.1735,0.1155,0.4222,0.1268,0.648,0.1577,0.307,43.1094,44,0.6233,0.0211,0.2402,0.5769,0.5379,0.4451,0.4294,0.2718,0.6761,0.4027,0.4987,0.4654
臺東縣成功鎮,0.6611,0.4038,0.1452,0.0972,0.4506,0.1164,0.6723,0.1325,0.2886,45.0649,46.0302,0.8049,0.0188,0.3534,0.4342,0.5764,0.5596,0.3725,0.4025,0.3226,0.4737,0.3857,0.4864
臺東縣池上鄉,0.7183,0.4768,0.173,0.1133,0.4486,0.1101,0.6772,0.1341,0.2659,45.6955,46.75,0.8618,0.0172,0.36,0.3812,0.4652,0.6663,0.3168,0.3486,0.6139,0.5162,0.6404,0.5313
臺東縣達仁鄉,0.6872,0.4218,0.1453,0.0914,0.4269,0.1274,0.6515,0.1625,0.3345,41.4746,42,0.3957,0.021,0.4483,0.6983,0.4547,0.3894,0.1378,0.3047,0.4661,0.6401,0.4872,0.65
臺東縣大武鄉,0.7193,0.4411,0.1524,0.1005,0.4259,0.1388,0.6669,0.1436,0.313,42.7665,43,0.5664,0.0216,0.3636,0.6798,0.6356,0.4251,0.3844,0.2739,0.3537,0.3754,0.5685,0.6359
臺東縣東河鄉,0.6719,0.4034,0.1357,0.0902,0.4275,0.1231,0.6763,0.104,0.2493,47.4733,49,0.9566,0.0162,0.2653,0.4991,0.5291,0.5064,0.3061,0.4324,0.6678,0.7244,0.7175,0.5341
臺東縣關山鎮,0.7446,0.5237,0.2039,0.1461,0.4455,0.1051,0.6533,0.1544,0.2935,43.8688,45,0.71,0.0259,0.2572,0.5426,0.6551,0.3087,0.1285,0.3386,0.4984,0.4497,0.6887,0.5919
臺東縣海端鄉,0.7489,0.4852,0.1544,0.0998,0.4193,0.0823,0.6083,0.1921,0.3955,35.77,35,0.0081,0.0187,0.2397,0.4168,0.5359,0.4643,0.2719,0.3746,0.4063,0.6618,0.493,0.5303
臺東縣金峰鄉,0.7762,0.4898,0.1619,0.1025,0.4239,0.1259,0.6322,0.1907,0.3552,37.9639,37.9286,0.084,0.0435,0.2936,0.565,0.6234,0.5625,0.432,0.3701,0.4999,0.6506,0.6533,0.4157
臺東縣蘭嶼鄉,0.8418,0.5549,0.1925,0.1501,0.4582,0.0814,0.595,0.198,0.427,36.4572,36,0.0217,0.0248,0.2898,0.5906,0.5814,0.6368,0.4657,0.4459,0.4817,0.653,0.7126,0.4833
臺東縣鹿野鄉,0.7161,0.4669,0.1649,0.1128,0.4604,0.1115,0.6759,0.1378,0.2796,45.2013,46.3125,0.8184,0.0227,0.486,0.3721,0.6733,0.3267,0.1961,0.4254,0.4635,0.5254,0.6346,0.5572
臺東縣綠島鄉,0.8296,0.6314,0.298,0.2087,0.503,0.0791,0.6391,0.1857,0.3967,39.5553,39,0.2168,0.0343,0.3834,0.366,0.4259,0.5698,0.119,0.2542,0.3076,0.4992,0.6916,0.402
臺東縣臺東市,0.8336,0.6315,0.2942,0.2079,0.4511,0.1039,0.6337,0.1663,0.3276,40.7342,41,0.3306,0.0266,0.2937,0.6574,0.6107,0.594,0.3564,0.1767,0.5489,0.5802,0.7038,0.485
臺東縣太麻里鄉,0.7006,0.4374,0.1463,0.0971,0.445,0.1238,0.6731,0.1452,0.3014,43.7523,44.2705,0.6965,0.0151,0.3192,0.487,0.5206,0.5942,0.4942,0.3603,0.5788,0.4347,0.5192,0.667
臺東縣延平鄉,0.7521,0.4769,0.1724,0.1142,0.4251,0.1047,0.6271,0.1681,0.3631,36.8147,37.5,0.0271,0.0128,0.274,0.4995,0.5747,0.3285,0.4678,0.3619,0.3247,0.4767,0.438,0.3666
臺東縣長濱鄉,0.6185,0.3389,0.1089,0.0764,0.4308,0.115,0.6741,0.1075,0.2356,48.1481,50.0984,0.9756,0.0169,0.3737,0.3357,0.4773,0.6695,0.4172,0.2166,0.4814,0.697,0.305,0.3942
臺南市安定區,0.7826,0.5793,0.2791,0.2081,0.5224,0.0696,0.6684,0.1582,0.345,41.627,41,0.4173,0.0209,0.3989,0.3942,0.3641,0.5233,0.1429,0.3265,0.3574,0.6346,0.4325,0.4433
臺南市安南區,0.8202,0.6251,0.3197,0.2441,0.5038,0.0799,0.6413,0.1671,0.3853,38.706,38.0657,0.1247,0.0269,0.2223,0.5515,0.6155,0.3019,0.4984,0.2192,0.4786,0.4081,0.5535,0.5087
臺南市安平區,0.8951,0.7376,0.4116,0.3039,0.4789,0.1054,0.6336,0.1632,0.342,39.1555,40,0.1653,0.0419,0.5808,0.3452,0.6292,0.4012,0.4176,0.3437,0.4352,0.3746,0.6285,0.6342
臺南市白河區,0.7276,0.5175,0.2216,0.1546,0.5005,0.084,0.6952,0.1308,0.2743,47.0516,48.4937,0.9377,0.0201,0.3207,0.6214,0.4713,0.6984,0.1819,0.4731,0.3354,0.3423,0.6199,0.6739
臺南市北門區,0.7153,0.4762,0.1987,0.1439,0.5159,0.0843,0.7056,0.121,0.286,45.4952,47,0.8482,0.0195,0.4801,0.524,0.5809,0.3506,0.1848,0.4526,0.65,0.606,0.6981,0.5169
臺南市北區,0.862,0.7186,0.4256,0.3237,0.4907,0.0854,0.6417,0.1445,0.3304,41.2761,41.1751,0.3767,0.0401,0.5646,0.6597,0.6789,0.5231,0.2044,0.3203,0.6274,0.5447,0.5254,0.5439
臺南市大內區,0.6955,0.5001,0.1989,0.132,0.5124,0.0916,0.7156,0.1212,0.2518,47.8112,49.2286,0.9675,0.0152,0.2256,0.6635,0.3762,0.6972,0.3782,0.2445,0.4897,0.629,0.5599,0.6574
臺南市東區,0.9083,0.7851,0.4988,0.3809,0.5027,0.0774,0.6356,0.1565,0.3263,40.2729,40.7499,0.2818,0.0229,0.5119,0.4463,0.685,0.5863,0.3969,0.2628,0.6702,0.5887,0.3595,0.5251
臺南市東山區,0.7067,0.4721,0.1935,0.134,0.521,0.081,0.7108,0.1294,0.2668,46.8035,48.8694,0.9295,0.0189,0.2363,0.5041,0.6695,0.4057,0.406,0.3051,0.5737,0.5176,0.4286,0.4216
臺南市官田區,0.7801,0.6022,0.2855,0.2064,0.4986,0.0812,0.6774,0.1564,0.3166,43.5985,44,0.6748,0.0306,0.2994,0.6841,0.3281,0.31,0.3084,0.289,0.4647,0.7389,0.5762,0.5684
臺南市關廟區,0.7615,0.562,0.2542,0.1883,0.5138,0.0728,0.6718,0.1475,0.3201,43.5921,43.5736,0.6721,0.0227,0.2339,0.6793,0.4059,0.378,0.1358,0.297,0.5737,0.6104,0.6703,0.3096
臺南市歸仁區,0.8361,0.6564,0.3293,0.2454,0.5174,0.075,0.6536,0.169,0.3644,40.0195,39.4093,0.2656,0.0284,0.2571,0.6887,0.3649,0.3576,0.2769,0.19,0.3235,0.6838,0.5232,0.5435
臺南市後壁區,0.7305,0.5459,0.2509,0.1708,0.5242,0.0717,0.7056,0.1303,0.2709,47.4225,49,0.9539,0.0193,0.2004,0.4103,0.6999,0.4359,0.3433,0.2485,0.5752,0.4585,0.6732,0.6811
臺南市佳里區,0.8271,0.6468,0.3315,0.253,0.5127,0.0742,0.6612,0.1552,0.3435,41.961,41,0.4743,0.0227,0.4278,0.5791,0.3404,0.6332,0.1179,0.3845,0.423,0.4921,0.5014,0.3526
臺南市將軍區,0.7183,0.483,0.1931,0.1424,0.5,0.0875,0.6947,0.1267,0.2789,46.7499,47.9475,0.9241,0.0156,0.435,0.426,0.3487,0.6445,0.3601,0.3475,0.4902,0.4238,0.4562,0.3129
臺南市柳營區,0.7624,0.5693,0.279,0.1989,0.5087,0.0772,0.6798,0.1551,0.3079,44.9877,45.8282,0.7913,NA,0.3711,0.473,0.334,0.4926,0.4451,0.2429,0.4334,0.3611,0.3406,0.3749
臺南市六甲區,0.7713,0.5939,0.2882,0.212,0.513,0.0709,0.6731,0.1555,0.3144,43.3524,43.5436,0.645,0.0327,0.4915,0.4677,0.6338,0.4796,0.2135,0.2355,0.3888,0.7375,0.6754,0.3829
臺南市龍崎區,0.6612,0.4266,0.1664,0.1135,0.5451,0.0928,0.7555,0.1038,0.2369,50.5793,53,0.9919,0.0113,0.4002,0.4611,0.3092,0.3293,0.2665,0.4019,0.6631,0.42,0.5792,0.3608
臺南市麻豆區,0.8063,0.6319,0.3216,0.2416,0.5216,0.0682,0.6761,0.1455,0.3164,43.4901,43,0.6612,0.03,0.5462,0.583,0.3131,0.4184,0.4776,0.3822,0.5064,0.7325,0.6152,0.4082
臺南市南化區,0.7033,0.4653,0.1924,0.1391,0.5373,0.0821,0.719,0.1415,0.2798,46.3301,48,0.8889,0.0224,0.5286,0.3831,0.4551,0.5966,0.1271,0.1738,0.5203,0.4454,0.4733,0.5703
臺南市南區,0.8239,0.6516,0.3441,0.2595,0.4733,0.0892,0.6315,0.1518,0.3387,42.7774,42.3619,0.5691,0.0342,0.5851,0.6171,0.5952,0.6391,0.4334,0.2179,0.4899,0.6917,0.6803,0.5336
臺南市楠西區,0.7042,0.4635,0.1894,0.1309,0.51,0.0906,0.7071,0.1236,0.2662,46.8672,49,0.935,0.0143,0.2386,0.4925,0.4193,0.549,0.3193,0.3156,0.6595,0.4223,0.6286,0.6955
臺南市七股區,0.7301,0.4711,0.1905,0.1393,0.4867,0.0998,0.6932,0.1368,0.2834,45.4065,46.5186,0.8347,0.0163,0.2525,0.5633,0.5085,0.4702,0.4982,0.4911,0.4017,0.3405,0.3319,0.4876
臺南市仁德區,0.83,0.6587,0.3504,0.2563,0.5135,0.082,0.6616,0.1565,0.3557,40.9815,40.6964,0.3496,0.03,0.58,0.5717,0.3029,0.448,0.3223,0.3044,0.6096,0.5254,0.4709,0.4221
臺南市山上區,0.7478,0.5584,0.2543,0.176,0.5055,0.08,0.6866,0.1506,0.2965,45.2967,46.0543,0.8293,0.0278,0.3748,0.553,0.5396,0.605,0.4536,0.175,0.4145,0.642,0.6477,0.4528
臺南市善化區,0.8303,0.6788,0.3957,0.2966,0.5453,0.0675,0.683,0.1479,0.3541,40.0666,39,0.2791,0.0283,0.5456,0.5546,0.5625,0.3672,0.1774,0.186,0.388,0.6945,0.516,0.5633
臺南市西港區,0.7751,0.5658,0.2621,0.1999,0.5096,0.0739,0.6625,0.1682,0.3385,42.9413,42.6062,0.5962,0.0248,0.2757,0.4669,0.5366,0.5763,0.2101,0.1193,0.6907,0.6896,0.5312,0.4245
臺南市下營區,0.7428,0.5479,0.2629,0.1914,0.5281,0.068,0.6947,0.1422,0.3012,45.215,46,0.8211,0.0223,0.4159,0.6079,0.3861,0.3808,0.4455,0.3267,0.4185,0.4487,0.5028,0.3166
臺南市新化區,0.8002,0.6046,0.311,0.2291,0.4999,0.0819,0.658,0.1566,0.3314,42.2373,42,0.4986,0.0215,0.5893,0.3845,0.3754,0.5049,0.2897,0.2401,0.4511,0.508,0.6076,0.4445
臺南市新市區,0.8287,0.65,0.3615,0.2667,0.5296,0.0688,0.6636,0.1677,0.3719,39.3433,38.7462,0.1897,0.0282,0.451,0.3755,0.4571,0.6125,0.4255,0.1765,0.6162,0.3351,0.6777,0.6356
臺南市新營區,0.8797,0.7303,0.4145,0.3002,0.4997,0.0793,0.6503,0.162,0.3336,41.4013,41,0.3875,0.0369,0.2341,0.3207,0.3612,0.3123,0.4885,0.1305,0.4558,0.7445,0.6922,0.5498
臺南市學甲區,0.7855,0.6041,0.2768,0.2011,0.495,0.076,0.6665,0.1463,0.3224,43.9519,44.2163,0.7127,0.0161,0.2414,0.6767,0.5597,0.6151,0.4871,0.102,0.3099,0.5149,0.4796,0.6035
臺南市鹽水區,0.779,0.5653,0.2731,0.1898,0.4952,0.0851,0.6777,0.1478,0.3088,44.4269,45,0.7453,0.0239,0.426,0.5672,0.5759,0.3778,0.3103,0.1714,0.6817,0.3496,0.6963,0.5881
臺南市永康區,0.8639,0.7028,0.387,0.2883,0.4982,0.0935,0.6457,0.1666,0.3742,38.7625,38.8631,0.1328,0.0308,0.4026,0.3199,0.3576,0.4468,0.1983,0.2733,0.5803,0.5551,0.5505,0.3771
臺南市玉井區,0.7495,0.5357,0.2304,0.1631,0.4981,0.0891,0.6927,0.1356,0.2765,46.2469,48.1481,0.8862,0.0187,0.4463,0.6985,0.4614,0.5743,0.3197,0.1178,0.5146,0.5628,0.6814,0.5127
臺南市中西區,0.8774,0.7434,0.4524,0.3413,0.4835,0.0878,0.645,0.1337,0.2966,42.8369,43,0.5854,0.0418,0.2957,0.6757,0.3758,0.5111,0.4244,0.1259,0.5888,0.5955,0.3661,0.376
臺南市左鎮區,0.6548,0.4132,0.1571,0.0998,0.4979,0.114,0.7383,0.1031,0.2138,50.9622,53.5595,0.9973,0.0122,0.4986,0.4925,0.3584,0.6932,0.1566,0.3705,0.526,0.6502,0.3199,0.685
臺中市北區,0.9121,0.7729,0.4536,0.3323,0.4689,0.1087,0.635,0.1593,0.3433,41.1675,41,0.3631,0.053,0.2167,0.4452,0.4448,0.3515,0.3469,0.1143,0.3435,0.7417,0.5967,0.4025
臺中市北屯區,0.9094,0.7667,0.4407,0.3157,0.5024,0.0925,0.6443,0.1698,0.3635,38.6411,38.5578,0.122,0.0385,0.4367,0.6718,0.4964,0.4956,0.1765,0.1511,0.6273,0.5238,0.6127,0.4065
臺中市大安區,0.7635,0.5427,0.223,0.1627,0.5337,0.0548,0.6714,0.1732,0.3475,41.7266,41,0.439,0.0232,0.5306,0.4897,0.6852,0.6319,0.2796,0.2406,0.3316,0.4132,0.4254,0.4881
臺中市大肚區,0.8273,0.6355,0.3103,0.2202,0.5177,0.0694,0.6488,0.172,0.3707,39.3892,38.6546,0.1978,0.0252,0.4842,0.3179,0.4609,0.5227,0.498,0.192,0.6878,0.5555,0.7354,0.4155
臺中市大甲區,0.833,0.6188,0.2996,0.22,0.5205,0.0623,0.6505,0.1787,0.3705,39.0051,38,0.1599,0.0186,0.557,0.4552,0.3972,0.4331,0.1479,0.1692,0.6755,0.7076,0.4922,0.5118
臺中市大里區,0.8904,0.6913,0.3507,0.2508,0.5055,0.0819,0.6379,0.1812,0.3881,37.6811,37,0.0569,0.0321,0.4413,0.5927,0.6785,0.3467,0.4116,0.1334,0.3405,0.6973,0.4454,0.4834
臺中市大雅區,0.8811,0.6672,0.3291,0.2341,0.5182,0.0705,0.6443,0.1881,0.3875,37.2453,36.9755,0.0434,0.0236,0.5752,0.6689,0.5244,0.4017,0.4285,0.1493,0.6663,0.6114,0.6983,0.3338
臺中市東區,0.8773,0.7071,0.3808,0.2689,0.4871,0.0909,0.6419,0.1599,0.3506,40.9032,40.2062,0.3388,0.0294,0.3735,0.3429,0.6283,0.5379,0.4784,0.2427,0.3567,0.4924,0.5198,0.4182
臺中市東勢區,0.8233,0.6158,0.2717,0.1845,0.5124,0.0731,0.6725,0.1502,0.3151,43.3824,43.4181,0.6504,0.0316,0.4845,0.5204,0.4835,0.4121,0.2249,0.2973,0.5991,0.3095,0.5813,0.5152
臺中市豐原區,0.8674,0.6823,0.3501,0.2448,0.5097,0.0743,0.6471,0.1678,0.3587,39.4452,39,0.206,0.0271,0.2538,0.357,0.5027,0.405,0.3769,0.1019,0.5694,0.4374,0.417,0.3623
臺中市和平區,0.8098,0.5418,0.1933,0.1197,0.5067,0.1166,0.7122,0.1492,0.2959,43.0777,45,0.6206,0.0351,0.2237,0.4717,0.4527,0.3699,0.4808,0.2509,0.3545,0.3372,0.3865,0.442
臺中市后里區,0.8237,0.6035,0.2744,0.1957,0.5177,0.0704,0.6648,0.1665,0.3572,39.7144,39,0.2358,0.0135,0.4404,0.5254,0.4156,0.4357,0.1318,0.1319,0.6903,0.3258,0.4471,0.3959
臺中市龍井區,0.8575,0.6541,0.3334,0.2439,0.524,0.0664,0.6472,0.1857,0.3896,37.9601,37,0.0786,0.0256,0.4489,0.5034,0.4243,0.3054,0.3755,0.3311,0.5911,0.3303,0.481,0.5852
臺中市南區,0.9198,0.7799,0.4689,0.3415,0.5049,0.0897,0.6424,0.1602,0.3529,38.7579,39,0.1301,0.0346,0.3034,0.5033,0.5047,0.3015,0.296,0.3364,0.6815,0.6759,0.3837,0.5258
臺中市南屯區,0.9221,0.7859,0.4859,0.3553,0.5243,0.0762,0.6422,0.1699,0.3529,37.1374,37.9264,0.0407,0.0338,0.5949,0.3491,0.341,0.5075,0.1872,0.488,0.6006,0.605,0.6093,0.6256
臺中市清水區,0.8216,0.618,0.3059,0.2217,0.5258,0.0582,0.6522,0.1659,0.3617,39.8598,39,0.252,0.0255,0.5855,0.3434,0.3516,0.668,0.3172,0.2894,0.3711,0.6512,0.5452,0.3775
臺中市沙鹿區,0.8448,0.6637,0.3543,0.2576,0.5423,0.0651,0.6631,0.1676,0.3907,37.0505,37,0.0379,0.0187,0.4915,0.3891,0.4353,0.3853,0.4506,0.3955,0.6075,0.4199,0.7243,0.5915
臺中市神岡區,0.8253,0.6273,0.2932,0.2058,0.5274,0.0628,0.6534,0.1764,0.3739,39.3827,38.3799,0.1951,0.0242,0.2869,0.504,0.495,0.3788,0.4817,0.4347,0.4532,0.6837,0.3023,0.3084
臺中市石岡區,0.8309,0.615,0.2698,0.1848,0.5066,0.0733,0.6597,0.1544,0.324,42.9026,42.4398,0.5935,0.0299,0.3779,0.3225,0.6717,0.4153,0.1427,0.3961,0.3753,0.3167,0.5421,0.3455
臺中市太平區,0.8727,0.6765,0.3294,0.2327,0.4894,0.0922,0.64,0.1803,0.3878,38.4604,37.9974,0.1057,0.0297,0.5801,0.4716,0.5606,0.5263,0.2752,0.2882,0.5789,0.6781,0.3507,0.4873
臺中市潭子區,0.8808,0.6972,0.3419,0.2339,0.506,0.0839,0.6441,0.1796,0.3729,38.3661,38,0.0976,0.0292,0.3159,0.4095,0.4049,0.5299,0.4628,0.4003,0.379,0.4033,0.3964,0.514
臺中市外埔區,0.8137,0.5807,0.2526,0.1834,0.5292,0.0682,0.6705,0.1774,0.3716,39.9811,39,0.2629,0.0247,0.4075,0.3155,0.4218,0.6101,0.3348,0.311,0.4651,0.4802,0.5566,0.4555
臺中市烏日區,0.8588,0.6744,0.3419,0.2447,0.5201,0.0716,0.6518,0.1765,0.3785,38.6161,38,0.1165,0.0273,0.4043,0.3275,0.3868,0.3785,0.2726,0.2716,0.445,0.3401,0.5827,0.3094
臺中市梧棲區,0.8365,0.6367,0.3193,0.2316,0.5291,0.0631,0.6472,0.1768,0.388,37.8817,37,0.0678,0.0271,0.2701,0.3475,0.4477,0.4763,0.2942,0.3434,0.4089,0.6616,0.5899,0.5473
臺中市霧峰區,0.8431,0.6502,0.309,0.2237,0.5144,0.0706,0.6535,0.1743,0.362,40.5216,39.6471,0.3144,0.0246,0.3463,0.4562,0.5029,0.4185,0.1896,0.255,0.5967,0.3238,0.6362,0.3564
臺中市西區,0.9187,0.7963,0.5047,0.3776,0.4989,0.0896,0.6428,0.151,0.3232,40.6597,41,0.3279,0.0352,0.4123,0.6539,0.4256,0.4633,0.165,0.1738,0.3677,0.5722,0.3487,0.4422
臺中市西屯區,0.9207,0.7811,0.4757,0.3524,0.5114,0.0835,0.6416,0.1692,0.3614,37.8689,38,0.065,0.0327,0.4295,0.3955,0.6233,0.6091,0.4071,0.3064,0.3613,0.4745,0.7385,0.3081
臺中市新社區,0.7895,0.5572,0.232,0.1573,0.5208,0.0722,0.6806,0.1502,0.312,42.7639,42.9147,0.5637,0.0193,0.3748,0.3569,0.3144,0.5538,0.1679,0.1008,0.4056,0.4366,0.5,0.4561
臺中市中區,0.8879,0.7163,0.3901,0.2654,0.4496,0.1366,0.6517,0.1258,0.2858,41.3987,42,0.3848,0.0296,0.5371,0.3277,0.4305,0.49370000000000003,0.1332,0.3489,0.5825,0.4361,0.4396,0.6856
桃園市八德區,0.859,0.6597,0.3321,0.2407,0.5125,0.0906,0.66,0.1694,0.3872,38.3694,37.9495,0.1003,0.0226,0.2179,0.3826,0.5424,0.4453,0.4698,0.1447,0.6941,0.3829,0.5434,0.4784
桃園市大溪區,0.8335,0.6129,0.2921,0.2102,0.5062,0.0845,0.6605,0.172,0.3546,39.6973,39,0.2276,0.0284,0.3688,0.3484,0.3223,0.6405,0.4008,0.1692,0.5633,0.3111,0.6631,0.384
桃園市大園區,0.8459,0.6281,0.2908,0.2127,0.5215,0.0822,0.6618,0.1836,0.3804,38.3464,37.3794,0.0949,0.0224,0.2852,0.3192,0.417,0.4641,0.3978,0.107,0.691,0.72,0.3633,0.6301
桃園市復興區,0.7844,0.4473,0.1454,0.098,0.4947,0.1196,0.6911,0.1781,0.3534,38.5623,38.5192,0.1111,0.0261,0.2101,0.6434,0.4432,0.6195,0.113,0.3165,0.4865,0.6666,0.6185,0.6087
桃園市觀音區,0.849,0.6309,0.2689,0.19,0.515,0.0827,0.6597,0.1926,0.3704,38.7453,37.9009,0.1274,0.0291,0.4991,0.5131,0.6277,0.6298,0.3164,0.4334,0.3408,0.724,0.5145,0.5142
桃園市龜山區,0.8687,0.6727,0.3535,0.2552,0.5082,0.0957,0.6579,0.1656,0.3795,38.6058,38,0.1138,0.0256,0.534,0.4507,0.558,0.5114,0.1758,0.3414,0.6318,0.7235,0.4366,0.4354
桃園市龍潭區,0.8754,0.6897,0.359,0.2638,0.5163,0.0859,0.6627,0.1768,0.3644,39.3202,38.8536,0.1843,0.0275,0.5928,0.6206,0.6747,0.4418,0.2089,0.4634,0.5144,0.4092,0.5576,0.6347
桃園市蘆竹區,0.8934,0.7028,0.38,0.2724,0.5446,0.0808,0.6694,0.1656,0.3666,36.7157,37,0.0244,0.0341,0.3945,0.5192,0.4573,0.4418,0.1976,0.352,0.4854,0.7311,0.3421,0.3522
桃園市平鎮區,0.8917,0.7158,0.3705,0.2698,0.5143,0.0884,0.6561,0.1752,0.387,37.9189,37.1218,0.0732,0.0285,0.2958,0.313,0.3368,0.468,0.3999,0.1068,0.3205,0.3966,0.4991,0.436
桃園市桃園區,0.8995,0.7348,0.4207,0.3044,0.5106,0.0944,0.6527,0.1625,0.3545,38.1533,38.1509,0.0894,0.0336,0.3506,0.3251,0.6704,0.3755,0.201,0.3186,0.5038,0.3856,0.3984,0.6028
桃園市新屋區,0.8207,0.6177,0.2642,0.1885,0.5343,0.0715,0.6792,0.1739,0.3321,41.8102,41.23,0.4526,0.0189,0.5656,0.4767,0.563,0.6902,0.1748,0.1563,0.4526,0.5689,0.5804,0.6975
桃園市楊梅區,0.894,0.7192,0.3595,0.2561,0.5256,0.0879,0.665,0.1795,0.3777,37.9938,37.3284,0.0867,0.0305,0.3496,0.604,0.536,0.687,0.4507,0.138,0.4749,0.5387,0.5032,0.4707
桃園市中壢區,0.8939,0.7336,0.4013,0.2925,0.5141,0.0894,0.6595,0.1682,0.3717,38.4368,38,0.103,0.0347,0.4599,0.5949,0.5979,0.4364,0.1595,0.37,0.6625,0.3897,0.6717,0.4133
新北市八里區,0.8725,0.6346,0.311,0.2018,0.4869,0.1034,0.6459,0.1709,0.3424,40.4005,40.9849,0.2873,0.0309,0.2186,0.5341,0.6165,0.6654,0.2879,0.4157,0.5099,0.4808,0.7362,0.5664
新北市板橋區,0.8728,0.6894,0.3905,0.281,0.5021,0.0841,0.6403,0.1499,0.3465,40.5773,40.3079,0.3225,0.0463,0.5686,0.3626,0.6516,0.4617,0.3377,0.2426,0.3082,0.3187,0.3994,0.4721
新北市淡水區,0.8998,0.7198,0.4319,0.3185,0.5031,0.0941,0.6499,0.1505,0.322,41.6544,42.1609,0.4201,0.0371,0.4075,0.5962,0.5423,0.6954,0.2037,0.3532,0.3384,0.3263,0.6892,0.4787
新北市貢寮區,0.7102,0.4469,0.1832,0.1225,0.5118,0.1015,0.7178,0.1173,0.2539,47.4889,48,0.9593,0.0309,0.3321,0.6866,0.5382,0.4171,0.1026,0.3254,0.3827,0.3565,0.4038,0.5352
新北市金山區,0.769,0.5185,0.2284,0.1572,0.4998,0.0958,0.6683,0.1587,0.3287,42.4505,42.3189,0.523,0.0365,0.3049,0.5557,0.5575,0.314,0.2073,0.2962,0.5381,0.3564,0.6714,0.5271
新北市林口區,0.9017,0.7474,0.459,0.3398,0.537,0.0833,0.6642,0.1578,0.3498,37.6195,38.2985,0.0542,0.0372,0.2632,0.6586,0.3352,0.6721,0.1344,0.1458,0.6384,0.3417,0.7249,0.5398
新北市蘆洲區,0.8853,0.6469,0.3231,0.2282,0.4865,0.0875,0.6213,0.1813,0.3711,38.6366,38.7461,0.1192,0.049,0.5597,0.376,0.4729,0.676,0.4532,0.2624,0.3947,0.374,0.687,0.6581
新北市平溪區,0.7059,0.4065,0.1497,0.0875,0.4874,0.0995,0.7372,0.0907,0.1918,51.6539,53.1061,1,0.0292,0.5182,0.5346,0.477,0.6069,0.4423,0.1274,0.5238,0.4448,0.4986,0.6315
新北市坪林區,0.7093,0.49370000000000003,0.1973,0.1374,0.54,0.0787,0.7103,0.1274,0.2422,47.8502,50,0.9729,0.0352,0.5721,0.649,0.4938,0.3831,0.3759,0.106,0.4517,0.492,0.4747,0.3704
新北市瑞芳區,0.7646,0.51,0.2196,0.1462,0.4532,0.1072,0.6575,0.1516,0.3033,44.0236,45,0.7154,0.0281,0.4224,0.6645,0.358,0.6683,0.4272,0.2486,0.5262,0.5923,0.3271,0.6033
新北市三峽區,0.8784,0.6444,0.3251,0.2323,0.4922,0.0992,0.6446,0.1701,0.349,38.7888,39,0.1409,0.0319,0.429,0.6464,0.5475,0.685,0.2135,0.2151,0.3443,0.7459,0.4844,0.6843
新北市三芝區,0.8328,0.573,0.2557,0.1784,0.4821,0.0984,0.6538,0.1614,0.3085,43.5321,44.8386,0.6667,0.0311,0.3906,0.5273,0.4028,0.4297,0.1532,0.4996,0.6443,0.4102,0.5529,0.3738
新北市三重區,0.8648,0.6376,0.3352,0.2387,0.4708,0.0947,0.6232,0.1562,0.3476,41.2354,41,0.3686,0.0442,0.366,0.4858,0.3886,0.3827,0.1159,0.2527,0.5224,0.5429,0.5596,0.3875
新北市深坑區,0.8604,0.6739,0.3514,0.2468,0.4797,0.0909,0.6301,0.1687,0.3195,42.2153,43.1437,0.4959,0.0675,0.3506,0.4688,0.5653,0.6104,0.2882,0.4311,0.4598,0.308,0.5193,0.6491
新北市石碇區,0.7407,0.4938,0.2043,0.1386,0.492,0.0945,0.682,0.1251,0.2596,46.3323,48,0.8916,0.0311,0.4664,0.5564,0.3046,0.3404,0.2236,0.3303,0.4844,0.3691,0.545,0.444
新北市石門區,0.8049,0.5287,0.2144,0.1495,0.5105,0.0848,0.6697,0.1663,0.3394,42.4842,42,0.5312,0.0366,0.4475,0.5553,0.3345,0.4048,0.4378,0.4584,0.4914,0.3617,0.5105,0.5287
新北市樹林區,0.8783,0.67,0.3358,0.237,0.5025,0.0883,0.6398,0.1716,0.372,38.9362,38.8538,0.1518,0.0318,0.3759,0.3282,0.5692,0.6527,0.4238,0.1261,0.4898,0.5845,0.3898,0.4808
新北市雙溪區,0.6843,0.4429,0.1953,0.131,0.4837,0.0941,0.7033,0.1201,0.2432,48.8523,51,0.9864,0.0287,0.4084,0.3994,0.3268,0.6499,0.1932,0.2624,0.5532,0.7155,0.624,0.3169
新北市泰山區,0.8891,0.6792,0.3509,0.2424,0.5144,0.0841,0.646,0.1617,0.3669,38.4883,38.9774,0.1084,0.0317,0.3873,0.3184,0.5572,0.3828,0.2608,0.1516,0.5091,0.5218,0.4726,0.6137
新北市土城區,0.886,0.6648,0.3394,0.2387,0.4865,0.0941,0.6284,0.1773,0.3696,39.5995,39.3478,0.2222,0.0368,0.3858,0.4514,0.4317,0.6041,0.1311,0.1002,0.626,0.6426,0.4479,0.5953
新北市萬里區,0.7689,0.5261,0.2138,0.1444,0.4986,0.1154,0.6933,0.1427,0.2987,44.0643,45,0.7182,0.0346,0.448,0.6981,0.6429,0.3203,0.1575,0.335,0.4763,0.6493,0.4879,0.6342
新北市烏來區,0.8534,0.5993,0.2454,0.1654,0.4863,0.1194,0.6714,0.1771,0.3613,39.5491,39,0.2141,0.0497,0.4142,0.3609,0.6994,0.6903,0.2931,0.1871,0.5165,0.5753,0.6515,0.3328
新北市五股區,0.8628,0.6373,0.298,0.2031,0.4832,0.0977,0.6368,0.1793,0.3674,39.2739,39,0.1789,0.0362,0.349,0.4502,0.5586,0.5404,0.2128,0.2756,0.4248,0.7365,0.3284,0.3778
新北市汐止區,0.8963,0.7196,0.402,0.2803,0.4892,0.0997,0.6435,0.155,0.3191,41.8881,43,0.4634,0.0404,0.588,0.4091,0.485,0.5004,0.3506,0.4047,0.6835,0.4262,0.7431,0.6614
新北市新店區,0.9142,0.7684,0.4623,0.3402,0.5006,0.0903,0.6502,0.1468,0.3034,43.6297,45,0.6775,0.0452,0.3244,0.419,0.4683,0.6503,0.4912,0.4146,0.311,0.3593,0.5643,0.6234
新北市新莊區,0.8897,0.6834,0.3596,0.2548,0.4995,0.0852,0.6315,0.1706,0.3748,38.7903,38.6751,0.1436,0.0362,0.4762,0.6723,0.6814,0.4039,0.1463,0.223,0.4956,0.3157,0.6562,0.5142
新北市鶯歌區,0.8577,0.6137,0.288,0.2062,0.4845,0.0923,0.633,0.1717,0.3654,39.2478,39,0.1734,0.0303,0.527,0.3338,0.6941,0.6245,0.2256,0.3598,0.6255,0.4362,0.6494,0.3684
新北市永和區,0.9151,0.789,0.4934,0.3642,0.4999,0.083,0.6435,0.1376,0.2984,43.0001,43.8242,0.6043,0.0507,0.2055,0.4146,0.4215,0.6215,0.1217,0.4461,0.371,0.703,0.4034,0.4639
新北市中和區,0.8908,0.7202,0.4086,0.2915,0.4953,0.0883,0.6425,0.1437,0.329,42.328,42.3411,0.5095,0.0381,0.3797,0.423,0.385,0.6074,0.455,0.4507,0.5692,0.4692,0.6966,0.5169
新竹市北區,0.8824,0.7172,0.4206,0.3194,0.5104,0.0905,0.6629,0.1529,0.3498,39.3443,39,0.1924,0.0301,0.5378,0.4954,0.6565,0.4941,0.3378,0.2692,0.5246,0.5526,0.4991,0.676
新竹市東區,0.9064,0.7713,0.521,0.4233,0.553,0.066,0.6719,0.1464,0.3485,36.9639,37.3224,0.0352,0.0315,0.2052,0.6808,0.3877,0.5087,0.3797,0.2052,0.3891,0.6202,0.693,0.3627
新竹市香山區,0.8703,0.6507,0.3548,0.2756,0.5305,0.0793,0.666,0.169,0.3807,38.7798,38.2216,0.1355,0.0385,0.2318,0.6837,0.6433,0.4331,0.1372,0.2243,0.5117,0.5153,0.584,0.6618
新竹縣寶山鄉,0.8536,0.656,0.3699,0.2935,0.5432,0.0715,0.6792,0.1759,0.3324,42.5452,42.9677,0.5366,0.0408,0.3948,0.6882,0.6813,0.4712,0.4304,0.1137,0.4751,0.6783,0.4072,0.6055
新竹縣北埔鄉,0.7917,0.5737,0.2481,0.167,0.5083,0.0783,0.6812,0.1583,0.2973,44.553,45,0.7561,0.0328,0.3302,0.4906,0.6141,0.3843,0.3065,0.2259,0.6352,0.4729,0.3484,0.681
新竹縣峨眉鄉,0.7781,0.5505,0.2307,0.151,0.5458,0.0723,0.7197,0.1412,0.2702,47.8453,50,0.9702,0.042,0.3866,0.5276,0.6629,0.4293,0.1297,0.2408,0.6848,0.3227,0.6431,0.4635
新竹縣關西鎮,0.813,0.6012,0.2703,0.1874,0.5141,0.0785,0.6793,0.1516,0.2907,44.4962,45,0.7507,0.0259,0.478,0.4156,0.5167,0.3683,0.2417,0.2469,0.4133,0.5708,0.5457,0.5734
新竹縣橫山鄉,0.7905,0.5738,0.2475,0.1671,0.503,0.0856,0.6848,0.1537,0.2936,45.086,46,0.813,0.0242,0.5308,0.6918,0.5178,0.3522,0.3864,0.3165,0.3255,0.7241,0.3088,0.6818
新竹縣湖口鄉,0.8752,0.6875,0.3355,0.2379,0.5126,0.0854,0.6587,0.1792,0.3674,38.94,38,0.1545,0.0263,0.4534,0.4736,0.4451,0.5106,0.4314,0.1936,0.4321,0.3581,0.6578,0.3502
新竹縣尖石鄉,0.809,0.4236,0.1295,0.0847,0.4476,0.132,0.6644,0.2047,0.3973,34.8963,34,0.0054,0.0312,0.5831,0.3362,0.6329,0.5892,0.1038,0.3806,0.3319,0.4332,0.482,0.4586
新竹縣芎林鄉,0.8414,0.6567,0.3441,0.2466,0.5266,0.0688,0.6673,0.1769,0.3263,42.5973,42.4538,0.5474,0.0246,0.5772,0.5934,0.372,0.3492,0.3147,0.4168,0.429,0.323,0.5122,0.5475
新竹縣五峰鄉,0.7464,0.3831,0.1138,0.0644,0.4621,0.1487,0.7113,0.1521,0.3372,39.5273,40,0.2114,0.0469,0.4576,0.375,0.5829,0.5945,0.103,0.1205,0.4027,0.7344,0.4993,0.6996
新竹縣新埔鎮,0.8297,0.6445,0.3188,0.2314,0.523,0.0706,0.6739,0.168,0.3285,43.6964,43.4244,0.6856,0.0238,0.5387,0.593,0.4673,0.6252,0.4151,0.2714,0.3933,0.3159,0.4374,0.5482
新竹縣新豐鄉,0.8713,0.6811,0.3478,0.2563,0.5273,0.0778,0.6615,0.1791,0.3784,37.8213,37.3995,0.0596,0.0178,0.455,0.5421,0.5364,0.3029,0.3419,0.4807,0.6829,0.7045,0.621,0.4196
新竹縣竹北市,0.913,0.7802,0.5335,0.433,0.599,0.0646,0.7024,0.1418,0.373,34.4394,36,0,0.0317,0.5471,0.3203,0.5274,0.4394,0.3269,0.2676,0.5321,0.6133,0.3932,0.458
新竹縣竹東鎮,0.8762,0.6988,0.3797,0.2786,0.5154,0.0835,0.6617,0.1711,0.3532,39.3985,39,0.2033,0.0292,0.594,0.6475,0.4463,0.658,0.4906,0.1306,0.587,0.515,0.5363,0.6686
宜蘭縣大同鄉,0.8545,0.3821,0.1186,0.0697,0.5146,0.1021,0.6981,0.1787,0.3678,36.8889,36.6667,0.0325,0.0458,0.5699,0.6579,0.5562,0.5986,0.2632,0.4532,0.4076,0.6072,0.7209,0.5959
宜蘭縣冬山鄉,0.8186,0.5741,0.2997,0.2062,0.52,0.0759,0.6701,0.1679,0.3364,41.9609,42,0.4715,0.0336,0.462,0.6077,0.334,0.5862,0.238,0.3043,0.6033,0.5282,0.6771,0.3142
宜蘭縣礁溪鄉,0.7964,0.5453,0.2809,0.195,0.5048,0.0821,0.6653,0.1673,0.3338,43.0135,43,0.607,0.027,0.4162,0.6479,0.5841,0.5063,0.2713,0.1676,0.6055,0.6741,0.32,0.5938
宜蘭縣羅東鎮,0.8796,0.667,0.3669,0.2527,0.4987,0.0887,0.6544,0.1619,0.331,39.5867,39,0.2195,0.0443,0.59,0.3968,0.6506,0.6722,0.3165,0.419,0.5886,0.4396,0.3293,0.4399
宜蘭縣南澳鄉,0.81,0.4666,0.1359,0.0811,0.503,0.1131,0.6917,0.1993,0.3869,35.8575,34.6591,0.0136,0.0488,0.4422,0.52,0.3165,0.3759,0.15,0.49370000000000003,0.4331,0.3097,0.5363,0.5351
宜蘭縣三星鄉,0.7972,0.5219,0.2416,0.1677,0.5104,0.085,0.6852,0.151,0.2924,45.2475,46.3631,0.8266,0.0313,0.356,0.5868,0.5325,0.5055,0.4744,0.1233,0.5804,0.557,0.4553,0.3367
宜蘭縣蘇澳鎮,0.7708,0.5151,0.2339,0.1608,0.5063,0.0851,0.6793,0.1551,0.3115,43.673,44,0.6802,0.0273,0.21560000000000001,0.5474,0.5105,0.6863,0.3756,0.4165,0.3736,0.5136,0.6807,0.5076
宜蘭縣頭城鎮,0.8024,0.4848,0.2411,0.1633,0.5113,0.0779,0.6756,0.1619,0.3207,42.7961,43,0.5745,0.0323,0.2547,0.6546,0.4224,0.485,0.3642,0.2058,0.5495,0.4603,0.5946,0.316
宜蘭縣五結鄉,0.8235,0.5764,0.2955,0.2051,0.5083,0.0802,0.6638,0.1714,0.3381,42.826,42.8032,0.5827,0.0337,0.2018,0.311,0.4563,0.4233,0.3536,0.1141,0.4089,0.3576,0.4209,0.5145
宜蘭縣宜蘭市,0.872,0.6606,0.3759,0.2661,0.4908,0.0798,0.6401,0.1697,0.3394,40.4337,40,0.2927,0.0429,0.5073,0.3347,0.6597,0.3677,0.2126,0.4029,0.5296,0.3826,0.394,0.5542
宜蘭縣員山鄉,0.7869,0.5072,0.2516,0.1739,0.5047,0.0778,0.6639,0.1768,0.3292,42.6937,43,0.5556,0.0346,0.3813,0.5238,0.5842,0.3228,0.1397,0.1492,0.59,0.4968,0.4685,0.6019
宜蘭縣壯圍鄉,0.778,0.4968,0.2451,0.1678,0.5078,0.0755,0.6666,0.1708,0.329,43.146,43.3551,0.6287,0.0326,0.3399,0.4476,0.3354,0.6787,0.1638,0.4982,0.3513,0.3561,0.322,0.4507
雲林縣褒忠鄉,0.7246,0.4771,0.2083,0.1472,0.5229,0.07,0.6924,0.1443,0.3066,44.6014,45,0.7642,0.0213,0.2922,0.5288,0.4658,0.4344,0.2658,0.1849,0.5853,0.5764,0.6699,0.3427
雲林縣北港鎮,0.7853,0.5771,0.2776,0.1969,0.5057,0.0688,0.6675,0.1481,0.3099,43.027,43,0.6125,0.0218,0.2917,0.339,0.3337,0.4041,0.4465,0.4733,0.4782,0.5218,0.7184,0.38
雲林縣莿桐鄉,0.7517,0.5262,0.2369,0.1683,0.5295,0.0649,0.6827,0.1537,0.3291,42.6215,42,0.5501,0.0192,0.5787,0.5215,0.3379,0.6131,0.3209,0.1194,0.4876,0.5198,0.3437,0.3585
雲林縣大埤鄉,0.7381,0.5119,0.2195,0.1521,0.5161,0.0696,0.6912,0.1414,0.2949,44.2639,44,0.7344,0.0294,0.2978,0.3119,0.6508,0.3559,0.3814,0.1009,0.5113,0.6101,0.4585,0.5501
雲林縣東勢鄉,0.6794,0.4215,0.1794,0.1243,0.5327,0.0751,0.7213,0.1234,0.2783,46.3979,47.1489,0.897,0.0278,0.5611,0.5943,0.5479,0.6818,0.1899,0.3951,0.4943,0.7011,0.6756,0.5539
雲林縣斗六市,0.8522,0.6718,0.3613,0.2586,0.5053,0.0796,0.6532,0.1694,0.3479,40.0255,39.3626,0.271,0.0296,0.3152,0.5582,0.6717,0.4831,0.43,0.3341,0.4093,0.4287,0.6309,0.5721
雲林縣斗南鎮,0.7984,0.6064,0.3066,0.2178,0.5052,0.0739,0.6633,0.1635,0.3264,42.5454,42,0.5393,0.02,0.2827,0.5037,0.5922,0.4039,0.4263,0.1641,0.483,0.5147,0.3333,0.4466
雲林縣二崙鄉,0.7113,0.4545,0.1931,0.1346,0.539,0.0596,0.7055,0.1371,0.2871,44.9951,45.5301,0.794,0.0227,0.4217,0.6898,0.6756,0.3063,0.1567,0.2891,0.3775,0.3584,0.3746,0.592
雲林縣古坑鄉,0.759,0.5323,0.243,0.1675,0.5219,0.0746,0.6925,0.1534,0.3031,44.646,45,0.7669,0.0213,0.239,0.6437,0.5076,0.5191,0.18,0.4877,0.3152,0.5144,0.5325,0.5623
雲林縣虎尾鎮,0.8239,0.619,0.314,0.2255,0.5126,0.0767,0.6667,0.1509,0.3321,40.4138,40,0.29,0.0258,0.5688,0.5198,0.5822,0.4944,0.1601,0.1461,0.5309,0.6856,0.4394,0.6669
雲林縣口湖鄉,0.6837,0.4225,0.1686,0.1193,0.524,0.0801,0.7061,0.1287,0.2994,44.9064,45,0.7859,0.0149,0.5126,0.6306,0.3691,0.5399,0.1651,0.1816,0.4226,0.4839,0.5403,0.3572
雲林縣林內鄉,0.7657,0.5571,0.2435,0.1677,0.49370000000000003,0.0796,0.6691,0.1584,0.3264,42.7789,42,0.5718,0.0171,0.4974,0.391,0.466,0.6553,0.1388,0.3026,0.3588,0.7242,0.6087,0.3127
雲林縣崙背鄉,0.7076,0.452,0.197,0.1368,0.5317,0.0638,0.7004,0.1313,0.2929,44.4263,44.7279,0.7425,0.0425,0.2848,0.3752,0.3837,0.5323,0.4416,0.2552,0.4468,0.4578,0.4207,0.5505
雲林縣麥寮鄉,0.7791,0.5323,0.23,0.165,0.5198,0.0805,0.6721,0.1706,0.3803,37.8229,37,0.0623,0.0148,0.5187,0.353,0.5784,0.3136,0.4668,0.1557,0.3531,0.6198,0.523,0.339
雲林縣水林鄉,0.6674,0.4109,0.1701,0.118,0.5245,0.069,0.7134,0.1172,0.2581,47.2714,48.2857,0.9512,0.0206,0.5547,0.4186,0.5879,0.3703,0.1729,0.3173,0.6091,0.3746,0.6011,0.3901
雲林縣四湖鄉,0.6782,0.4178,0.1658,0.1135,0.5199,0.0814,0.7222,0.1133,0.2624,47.0553,47.804,0.9404,0.0125,0.2869,0.3123,0.6929,0.6498,0.3073,0.3532,0.4159,0.4477,0.599,0.4117
雲林縣臺西鄉,0.6762,0.4196,0.1793,0.1291,0.5304,0.0785,0.719,0.129,0.2979,45.0664,45.5586,0.8076,0.0189,0.3519,0.4801,0.4158,0.3939,0.4867,0.1578,0.6422,0.6424,0.7178,0.663
雲林縣土庫鎮,0.7379,0.5174,0.2298,0.1628,0.5291,0.0658,0.6915,0.1424,0.3132,43.0228,42.2415,0.6098,0.0294,0.2488,0.6372,0.3734,0.5156,0.4734,0.1636,0.4842,0.4598,0.543,0.5504
雲林縣西螺鎮,0.7699,0.5438,0.2472,0.1791,0.5178,0.0654,0.6737,0.1537,0.3209,41.5182,41,0.4038,0.017,0.5682,0.5971,0.4958,0.5386,0.3777,0.1114,0.5125,0.4147,0.6504,0.5054
雲林縣元長鄉,0.6775,0.4379,0.1773,0.1205,0.5412,0.0687,0.7232,0.1206,0.2672,46.7781,48,0.9268,0.014,0.3519,0.3383,0.5404,0.5181,0.1033,0.1878,0.4991,0.3561,0.616,0.4491
彰化縣北斗鎮,0.8157,0.6086,0.2922,0.2102,0.5237,0.0607,0.6602,0.1667,0.3489,40.5023,39.5115,0.3117,0.0251,0.3753,0.6113,0.4316,0.3903,0.3761,0.3966,0.5173,0.5566,0.5531,0.6793
彰化縣埔心鄉,0.7928,0.5835,0.2691,0.1937,0.5216,0.0638,0.6621,0.172,0.363,40.9651,40,0.3415,0.0265,0.2672,0.3537,0.5784,0.5213,0.1539,0.3697,0.3971,0.42,0.4824,0.3359
彰化縣埔鹽鄉,0.7817,0.597,0.293,0.1858,0.5437,0.0501,0.6764,0.1664,0.345,42.32,41,0.5068,0.0194,0.5619,0.3563,0.689,0.313,0.4572,0.4625,0.4827,0.7131,0.6813,0.4878
彰化縣大城鄉,0.6905,0.3763,0.134,0.0886,0.5551,0.0679,0.7354,0.1117,0.2587,46.463,46.35,0.9051,0.0127,0.4506,0.534,0.5322,0.4351,0.2449,0.1579,0.3486,0.4711,0.4407,0.5766
彰化縣大村鄉,0.8005,0.5951,0.2759,0.1978,0.5265,0.0594,0.6603,0.1786,0.37,40.5996,39.5842,0.3252,0.0287,0.5976,0.361,0.3424,0.3419,0.4105,0.3761,0.3282,0.6532,0.666,0.5599
彰化縣二林鎮,0.7604,0.5296,0.2303,0.1596,0.5281,0.0627,0.6811,0.1522,0.3204,42.5476,42,0.542,0.0187,0.434,0.3916,0.5644,0.3163,0.398,0.1828,0.3284,0.4199,0.4006,0.5373
彰化縣二水鄉,0.7603,0.585,0.2526,0.168,0.517,0.0675,0.6888,0.137,0.2931,45.7917,46.3382,0.8699,0.0219,0.2669,0.6369,0.4515,0.5231,0.4449,0.4638,0.4682,0.3604,0.4543,0.601
彰化縣芳苑鄉,0.7033,0.4458,0.1669,0.1132,0.537,0.0697,0.7077,0.1424,0.3027,44.6855,44.3386,0.7724,0.0161,0.5207,0.558,0.4152,0.6764,0.3026,0.2039,0.4065,0.4308,0.5241,0.4398
彰化縣芬園鄉,0.7726,0.5412,0.2422,0.1653,0.5246,0.0636,0.6785,0.1629,0.3322,42.9651,42.2467,0.5989,0.0208,0.509,0.588,0.5888,0.4802,0.2207,0.2421,0.5022,0.4938,0.6588,0.5102
彰化縣福興鄉,0.7675,0.5403,0.256,0.1875,0.5332,0.051,0.6571,0.1781,0.369,40.4807,39,0.3089,0.0184,0.3452,0.6591,0.5064,0.6248,0.4308,0.3794,0.6407,0.612,0.3224,0.5287
彰化縣和美鎮,0.819,0.6141,0.3137,0.2224,0.5329,0.0561,0.6507,0.1737,0.3778,39.3361,38.1472,0.187,0.0232,0.2627,0.3413,0.5956,0.6793,0.221,0.4465,0.5799,0.5874,0.5162,0.4438
彰化縣花壇鄉,0.8044,0.5997,0.2988,0.2131,0.5214,0.0614,0.6492,0.1747,0.3682,40.4435,39.3824,0.2981,0.0253,0.4573,0.6425,0.3099,0.4661,0.357,0.1373,0.4517,0.6886,0.5782,0.3617
彰化縣鹿港鎮,0.7851,0.5726,0.2837,0.2051,0.5358,0.0545,0.6559,0.1688,0.3672,39.188,38,0.168,0.0192,0.4665,0.6438,0.5017,0.6174,0.1574,0.3218,0.3996,0.3724,0.4229,0.6826
彰化縣埤頭鄉,0.7621,0.5419,0.242,0.1723,0.5356,0.0611,0.69,0.1581,0.338,41.9069,40.9029,0.4661,0.0214,0.3714,0.465,0.3667,0.4667,0.1057,0.3324,0.5772,0.3389,0.5652,0.3538
彰化縣社頭鄉,0.803,0.6066,0.2802,0.2001,0.5303,0.0566,0.6615,0.1721,0.3517,41.0699,40,0.355,0.0226,0.4894,0.5102,0.3682,0.4836,0.4767,0.4888,0.48,0.3822,0.3571,0.3665
彰化縣伸港鄉,0.8137,0.5536,0.2555,0.1853,0.5328,0.0594,0.6606,0.1737,0.3826,38.8262,37.558,0.1463,0.0227,0.455,0.3166,0.5507,0.5514,0.3598,0.3393,0.544,0.5585,0.3303,0.3052
彰化縣田尾鄉,0.7849,0.5706,0.2548,0.1812,0.5237,0.0557,0.6629,0.169,0.3358,41.6094,41,0.4146,0.0228,0.503,0.5237,0.4536,0.5717,0.1337,0.2269,0.5454,0.4253,0.3778,0.4946
彰化縣田中鎮,0.8107,0.624,0.2941,0.2078,0.5138,0.0672,0.6602,0.1616,0.3333,42.3695,41.6825,0.5149,0.0244,0.264,0.3195,0.3734,0.586,0.3258,0.2324,0.3247,0.6727,0.5859,0.5122
彰化縣溪湖鎮,0.8097,0.6076,0.297,0.2129,0.5235,0.0567,0.6537,0.1783,0.3696,39.254,38,0.1762,0.0242,0.4895,0.3624,0.4822,0.4517,0.104,0.3929,0.6903,0.7385,0.5506,0.466
彰化縣溪州鄉,0.7635,0.5061,0.2154,0.1499,0.5286,0.0622,0.6879,0.1444,0.3143,43.1484,42.5978,0.6314,0.0175,0.2181,0.4911,0.639,0.5156,0.1029,0.1308,0.6558,0.6398,0.6709,0.6147
彰化縣線西鄉,0.7963,0.5418,0.2572,0.1852,0.5359,0.0525,0.6608,0.1701,0.363,40.059,39,0.2737,0.0213,0.2852,0.5268,0.6601,0.3116,0.4115,0.3019,0.3779,0.7449,0.493,0.5482
彰化縣秀水鄉,0.8434,0.6086,0.2985,0.2145,0.5411,0.0491,0.6556,0.1795,0.3691,39.3959,38.0721,0.2005,0.021,0.4443,0.3649,0.6509,0.6907,0.3349,0.406,0.5907,0.4003,0.4122,0.3051
彰化縣永靖鄉,0.7834,0.5856,0.2745,0.1963,0.5239,0.053,0.6587,0.1658,0.3496,41.1176,40,0.3577,0.0216,0.5295,0.5549,0.4701,0.5689,0.2712,0.1102,0.557,0.3757,0.6465,0.5606
彰化縣員林市,0.8436,0.6808,0.3652,0.2647,0.5178,0.0646,0.6491,0.1685,0.3573,39.6985,39,0.2304,0.0311,0.3875,0.6815,0.5779,0.5349,0.4741,0.1069,0.5042,0.4119,0.319,0.4973
彰化縣彰化市,0.8603,0.6877,0.3879,0.2759,0.5214,0.0653,0.6499,0.1656,0.3509,39.9272,39,0.2602,0.0321,0.3191,0.5574,0.3929,0.5059,0.4597,0.2975,0.3736,0.6861,0.5505,0.3935
彰化縣竹塘鄉,0.7174,0.4761,0.1936,0.131,0.542,0.0615,0.71,0.1332,0.2865,44.4725,44.3878,0.748,0.0152,0.3535,0.6531,0.4979,0.64,0.1153,0.1216,0.4107,0.7067,0.5771,0.5769
